image_name,Normal,Background Diabetic Retinopathy (BDR/NPDR),Proliferative Diabetic Retinopathy (PDR),Choroidal Neovascularization (CNV),Arteriosclerotic Retinopathy (ASR),Hypertensive Retinopathy (HTR),Central Retinal Vein Occlusion (CRVO),Branch Retinal Vein Occlusion (BRVO),Hemi-Central Retinal Vein Occlusion,Central/Branch Retinal Artery Occlusion,Coats Disease,Macroaneurism,Drusen/AMD,others,CDR,AV,FractalDimensions,CardiovascularRisk
01,0,0,0,0,0,0,0,0,0,0,0,0,0,1,,0.3701742054455251,1.345,
02,,,,,,,,,,,,,,,,0.3758918872862321,1.416,
03,,,,,,,,,,,,,,,,0.4105449239419169,1.315,
04,,,,,,,,,,,,,,,,0.4547822248413343,1.336,
05,,,,,,,,,,,,,,,,0.2231988281770965,1.324,
06,,,,,,,,,,,,,,,,0.3499507934755146,1.311,
07,,,,,,,,,,,,,,,,0.3859355685590546,1.351,
08,,,,,,,,,,,,,,,,0.4399306125645509,1.4,
09,,,,,,,,,,,,,,,,0.4669424425564025,1.28,
10,,,,,,,,,,,,,,,,0.2153872329111971,1.397,
11,,,,,,,,,,,,,,,,0.2153872329111971,1.277,
12,,,,,,,,,,,,,,,,0.2620373336246819,1.07,
13,,,,,,,,,,,,,,,,0.5444892310937829,1.307,
14,,,,,,,,,,,,,,,,0.41498070165881,1.106,
15,,,,,,,,,,,,,,,,0.3696631874434232,1.278,
16,,,,,,,,,,,,,,,,0.5819535406807944,1.11,
17,,,,,,,,,,,,,,,,0.3853025220990251,1.402,
18,,,,,,,,,,,,,,,,0.5310118633693135,1.301,
19,,,,,,,,,,,,,,,,0.3787054437311702,1.123,
20,,,,,,,,,,,,,,,,0.6517648568391099,1.296,
im0001,0,1,0,0,0,0,0,0,0,0,0,0,0,0,,0.6099260815978197,1.0460417831455375,1
im0002,0,0,0,1,1,0,0,0,0,0,0,0,0,0,0.3850439519623622,0.4532596474523158,1.0560331092046875,1
im0003,0,0,0,0,0,0,0,0,0,0,0,0,1,0,,0.4581849515728704,1.1114808777114746,0
im0004,0,0,0,0,0,0,0,0,0,1,0,0,0,0,0.2012935235226366,0.6808460947396265,1.0057166147705272,1
im0005,0,0,0,0,0,0,1,0,0,1,0,0,0,0,,0.4401234707650964,1.0389953136919865,1
im0006,0,0,0,0,0,0,0,0,0,0,0,0,1,0,0.2489227377492734,0.3373806192213882,0.7873876396242094,0
im0007,0,0,0,1,0,0,0,0,0,0,0,0,0,0,0.2813530475481332,0.688542793124544,1.012265953882736,1
im0008,0,0,0,1,0,0,0,0,0,0,0,0,0,0,0.1593364197530864,0.5773344981839779,1.0583377613401803,1
im0009,0,1,0,0,0,0,0,0,0,0,0,0,0,0,0.369319466425503,0.4078860294490147,1.0430081584464996,1
im0010,0,0,0,0,0,0,0,0,0,0,0,0,0,1,,0.4437830345697224,0.8175295857682322,0
im0011,0,0,0,1,0,0,0,0,0,0,0,0,0,0,0.1792761960241753,0.4087157568418237,1.001871490340621,1
im0012,0,0,0,0,0,0,0,0,0,0,0,0,1,0,0.1211498245489667,0.3056539189498798,0.7629772898400337,0
im0013,0,1,0,0,0,0,0,0,0,0,0,0,0,0,,0.5053482041108123,1.015689844388976,1
im0014,0,0,0,0,0,0,0,0,0,0,0,0,0,1,,0.1073489577046841,0.9230295363941244,0
im0015,0,0,0,0,0,0,0,0,0,0,0,0,1,0,0.3102722213866747,0.1331533777027429,0.9913947844700888,0
im0016,0,1,0,0,0,0,0,0,0,0,0,0,0,0,0.1848451122240771,0.3951712351121917,1.0423588614047752,1
im0017,0,0,0,1,0,0,0,0,0,0,0,0,0,0,,0.3334497062804524,1.015293482698902,1
im0018,0,0,0,0,0,0,1,0,0,0,0,0,0,0,,0.5152507852741405,1.0065050303297234,1
im0019,0,0,0,0,0,0,1,0,0,0,0,0,0,0,,0.3478075867743431,1.0329327231595835,1
im0020,0,0,0,0,0,0,1,0,0,1,0,0,0,0,,0.2787245722131912,1.0397948216565485,1
im0021,0,0,0,0,0,0,1,0,0,1,0,0,0,0,,0.6729852605923748,1.0320254266549993,1
im0022,0,0,0,0,1,0,0,0,0,0,0,0,0,0,,0.4412710752128202,1.0168972096584448,1
im0023,0,0,0,0,0,0,0,0,0,0,0,0,0,1,0.1710047778649361,0.3787067757567141,1.0967580838230695,0
im0024,0,0,0,0,0,0,0,0,0,0,0,0,0,1,,0.1742746584061887,0.8310881848448249,0
im0025,0,0,0,0,1,0,1,0,0,0,0,0,0,0,,0.3976240763962287,1.0264772174609482,1
im0026,0,0,0,0,0,0,1,0,0,0,0,0,0,0,,0.4873966237051111,1.0292041443148043,1
im0027,0,0,0,0,0,0,1,0,0,0,0,0,0,0,,0.3145223521970942,1.0038989396210796,1
im0028,0,0,0,0,1,0,0,0,1,0,0,0,0,0,0.1995421345252371,0.5236691277991519,1.0536606624064375,1
im0029,0,0,0,0,0,0,0,0,0,0,0,0,0,1,,0.2871722759543876,1.1147829684721282,0
im0030,1,0,0,0,0,0,0,0,0,0,0,0,0,0,,0.3294957145879262,1.0566564531425542,0
im0031,0,1,0,0,0,0,0,0,0,0,0,0,0,0,0.2465333333333333,0.3897710782454922,1.0477934898346697,1
im0032,1,0,0,0,0,0,0,0,0,0,0,0,0,0,0.3032487680233619,0.6232058642236507,1.028959423151405,0
im0033,0,0,0,0,0,0,1,0,0,0,0,0,0,0,,0.4703519218904831,1.0445089687062756,1
im0034,0,0,0,1,0,0,0,0,0,0,0,0,0,0,,0.3273014656738762,1.0130899212812243,1
im0035,1,0,0,0,0,0,0,0,0,0,0,0,0,0,0.3966762177650429,0.4821391325727949,0.7992492444760187,0
im0036,0,0,0,1,0,0,0,0,0,0,0,0,0,0,,0.3049533485491861,1.048210594583704,1
im0037,0,0,0,1,0,0,0,0,0,0,0,0,0,0,0.2279148836391347,0.5008139016369687,1.0549252801533462,1
im0038,0,1,0,0,0,1,0,0,0,0,0,0,0,0,0.2168953414167198,0.2037389479618013,1.0499914063642992,1
im0039,0,0,0,0,0,0,0,0,0,0,0,0,1,0,,0.1875030404321747,0.9370982486405482,0
im0040,0,1,0,0,0,0,0,0,0,0,0,0,0,0,0.3040561868686868,0.4991696568400538,1.0461130768453333,1
im0041,0,0,0,0,0,0,0,0,0,0,0,0,1,0,,0.4706209503105187,0.9245455127677804,0
im0042,0,0,0,0,0,0,0,0,0,0,0,0,0,1,0.944968732234224,0.3929321879086355,1.064950045378379,0
im0043,0,0,0,0,0,0,0,0,0,0,0,0,0,1,,0.3536127936163197,0.8623740182948786,0
im0044,0,0,0,0,0,0,0,0,0,0,0,0,0,1,,0.3282066134837598,1.170272302501991,0
im0045,0,0,0,1,0,0,0,0,0,0,0,0,0,0,0.1941544885177453,0.2696530991826544,1.057290094345177,1
im0046,0,0,0,0,0,0,0,0,0,0,0,0,1,0,0.3034930950446791,0.2708418986258444,1.1279045504498304,0
im0047,0,0,0,0,0,0,0,0,0,0,0,0,0,1,,0.306351350310986,1.0375612886864662,0
im0048,0,0,0,0,0,1,0,0,0,0,0,0,0,0,,0.6170197929164143,1.0300979479723082,1
im0049,0,0,0,0,0,0,0,0,0,0,1,0,0,0,0.1254912970241437,0.416529313843993,0.8108884710070926,0
im0050,0,1,0,0,0,0,0,0,0,0,0,0,0,0,0.593764817449028,0.2306759691755628,1.0178961407550866,1
im0051,0,1,0,0,0,0,0,0,0,0,0,0,0,0,,0.5165983402584552,1.0398093397121468,1
im0052,0,0,0,0,0,0,0,0,0,0,1,0,0,0,0.8043660789252729,0.3167020959473536,0.9761913904500504,0
im0053,0,0,0,1,0,0,0,0,0,0,0,0,0,0,,0.3794670614188606,1.0039600948862757,1
im0054,0,0,0,1,0,0,0,0,0,0,0,0,0,0,,0.5559966093435785,1.0096614308727436,1
im0055,0,0,0,0,0,0,0,0,0,0,0,0,0,1,,0.5106960524797904,0.9080799666841256,0
im0056,0,0,0,0,0,0,0,0,0,0,0,0,1,0,,0.4970351456275818,0.9462169596538516,0
im0057,0,0,0,0,0,1,0,0,0,0,0,0,0,0,0.2904265402843602,0.3572336349647124,1.0381827242345716,1
im0058,0,1,0,0,0,0,0,0,0,0,0,0,0,0,0.2972210700953961,0.4298408779288463,1.006531762820319,1
im0059,0,1,0,0,0,0,0,0,0,0,0,0,0,0,0.3599404318689501,0.5175818796542663,1.0113868566995872,1
im0060,0,1,0,0,0,0,0,0,0,0,0,0,0,0,0.4957206972132345,0.6058442632375259,1.0287230535153034,1
im0061,0,0,0,1,0,0,0,0,0,0,0,0,0,0,,0.4065572131009794,1.053504379944747,1
im0062,0,0,0,1,0,0,0,0,0,0,0,0,0,0,,0.4467668865126031,1.0565610341933125,1
im0063,0,0,0,0,0,0,0,0,0,0,0,0,1,0,,0.2178951884640475,0.9112706925559056,0
im0064,0,0,0,0,1,1,0,0,0,0,0,1,0,0,,0.2055833594848013,1.1211472273025382,1
im0065,0,1,0,0,0,1,0,0,0,0,0,0,0,0,,0.5835116834032648,1.016309656034216,1
im0066,0,0,0,0,0,0,0,0,0,0,0,0,1,0,,0.5552518771986154,1.086176157281097,0
im0067,0,0,0,0,0,0,0,0,0,0,0,0,0,1,,0.3595909365834241,0.92659481332101,0
im0068,0,0,0,0,0,0,0,0,0,0,0,0,1,0,,0.506933304333074,1.093630389895426,0
im0069,0,1,0,0,0,0,0,0,0,0,0,0,0,0,,0.5217427265764196,1.0228675262517353,1
im0070,0,1,0,0,0,0,0,0,0,0,0,0,0,0,0.315275787965616,0.3838237613336774,1.049198648969046,1
im0071,0,0,0,0,0,0,0,0,0,0,0,0,0,1,,0.4189646899985528,1.058417824432174,0
im0072,0,0,0,0,0,0,0,0,0,0,0,0,0,1,,0.5801568153156427,1.0170918107667537,0
im0073,0,0,0,0,1,1,0,0,0,0,0,0,0,0,0.2253847201416315,0.4672930201831116,1.0039772413876826,1
im0074,0,0,0,0,0,0,1,0,0,0,0,0,0,0,0.3116213293403211,0.6865469134186823,1.0299370926617828,1
im0075,0,0,0,0,0,1,0,0,0,0,0,0,0,0,0.4555051078320091,0.113312987571902,1.0006125936960055,1
im0076,1,0,0,0,0,0,0,0,0,0,0,0,0,0,0.2400191632066432,0.4820511269105523,0.8149522862064673,0
im0077,1,0,0,0,0,0,0,0,0,0,0,0,0,0,0.2897516135341287,0.3813807325573325,0.957982386636666,0
im0078,0,0,0,0,0,0,0,0,0,0,0,0,0,1,0.4001294917449012,0.328493799071424,0.8216330424849927,0
im0079,0,0,0,0,0,0,0,0,0,0,0,0,0,1,,0.3820264798020598,0.9574284132246385,0
im0080,1,0,0,0,0,0,0,0,0,0,0,0,0,0,,0.0971718952086087,0.8413321156710468,0
im0081,1,0,0,0,0,0,0,0,0,0,0,0,0,0,0.1611920081273281,0.3393622391975199,0.7948808157864796,0
im0082,1,0,0,0,0,0,0,0,0,0,0,0,0,0,0.2995858260469397,0.4183779423196633,1.100109218880876,0
im0083,0,0,0,1,0,0,0,0,0,0,0,0,0,0,0.1625840017342293,0.6746627833882047,1.0026217582496788,1
im0084,0,0,0,1,0,0,0,0,0,0,0,0,0,0,,0.4012013191743616,1.009047037130732,1
im0085,0,0,1,0,0,0,0,0,0,0,0,0,0,0,0.283400331047529,0.3614426113477433,1.0233695417349526,1
im0086,0,0,0,0,0,0,0,0,0,0,0,0,0,1,,0.300718415563961,1.1700613950195555,0
im0087,0,0,1,0,0,0,0,0,0,0,0,0,0,0,0.9115359261700724,0.5976050638274256,1.0095808320639863,1
im0088,0,0,0,0,0,0,0,0,0,0,0,0,0,1,0.4183822552795856,0.4144926073154212,0.7531057388143326,0
im0089,0,1,0,0,0,1,0,0,0,0,0,0,0,0,0.619042472711553,0.3996272662193846,1.046636246781087,1
im0090,0,0,0,0,0,1,0,0,0,0,0,0,0,0,0.2558743786714866,0.5425152389586555,1.055277773657343,1
im0091,0,0,0,1,0,0,0,0,0,0,0,0,0,0,,0.4854999436174083,1.0383490920031435,1
im0092,0,0,0,1,0,0,0,0,0,0,0,0,0,0,,0.604898989599483,1.0130690172092045,1
im0093,0,0,0,0,0,0,0,0,0,0,1,0,0,0,,0.2732791650953701,0.9380788791143282,0
im0094,0,1,0,0,0,1,0,0,0,0,0,0,0,0,,0.4273133798585515,1.0004535710214124,1
im0095,0,0,0,0,0,0,0,1,0,0,0,0,0,0,0.8819212188777407,0.4184846979528805,1.0394252063563263,1
im0096,0,1,0,0,0,0,0,0,0,0,0,0,0,0,0.445067788686302,0.2717089659363192,1.0207159836173618,1
im0097,0,0,0,0,0,0,0,0,0,0,0,0,1,0,,0.4100223964087813,0.8132063163112825,0
im0098,0,0,0,0,0,0,0,0,0,0,0,0,1,0,,0.4052187197995487,1.018476317199129,0
im0099,0,0,0,0,0,0,0,0,0,0,0,0,0,1,0.193021947101857,0.3701563629949559,1.1748443968592135,0
im0100,0,0,0,1,0,0,0,0,0,0,0,0,0,0,,0.4400640486632998,1.0215956005183462,1
im0101,0,0,0,1,0,0,0,0,0,0,0,0,0,0,,0.2783044076704727,1.0566109586459504,1
im0102,0,0,0,0,0,0,0,0,0,0,0,0,0,1,,0.311830191458903,0.781160145529097,0
im0103,0,0,0,1,0,0,0,0,0,0,0,0,0,0,0.1643210590579011,0.4252513035069512,1.018614833451062,1
im0104,0,0,0,1,0,0,0,0,0,0,0,0,0,0,,0.362294208452934,1.0546390718799878,1
im0105,0,0,0,1,0,0,0,0,0,0,0,0,0,0,0.293642483171279,0.450105864600461,1.021969259667716,1
im0106,0,0,0,1,0,0,0,0,0,0,0,0,0,0,,0.5275532814562279,1.0018895388232767,1
im0107,0,0,0,0,0,0,0,0,0,0,0,0,0,1,0.2145966864191558,0.6278509999117126,0.9781522982809522,0
im0108,0,0,0,0,0,0,0,0,0,0,0,0,0,1,,0.3933718727775052,1.1379771965127592,0
im0109,0,0,0,0,0,0,0,0,0,0,0,0,0,1,,0.4047385739353433,0.8817565057257198,0
im0110,0,0,0,1,0,0,0,0,0,0,0,0,0,0,,0.4620023493631589,1.0376721397733706,1
im0111,0,1,0,0,0,0,0,0,0,0,0,0,0,0,0.2863849765258216,0.2093418312677783,1.0585716398100329,1
im0112,0,0,0,0,0,0,0,0,0,0,0,0,0,1,,0.3658236251019813,0.9422533352244112,0
im0113,0,1,0,0,0,0,0,0,0,0,0,0,0,0,,0.4804520988216067,1.004619622305423,1
im0114,0,1,0,0,0,0,0,0,0,0,0,0,0,0,0.2289533903408406,0.8096490319439659,1.036589081579712,1
im0115,0,1,0,0,0,0,0,0,0,0,0,0,0,0,0.6816446586144315,0.4458487579208539,1.046943390491461,1
im0116,0,1,0,0,0,0,0,0,0,0,0,0,0,0,0.3649694030712389,0.5135109695701915,1.0013279552070995,1
im0117,0,1,0,0,1,0,0,0,0,0,0,0,0,0,0.3968296138859369,0.4674456678126608,1.0517115802291843,1
im0118,0,1,0,0,1,0,0,0,0,0,0,0,0,0,0.3729498164014688,0.3120996966727131,1.0452732747720457,1
im0119,1,0,0,0,0,0,0,0,0,0,0,0,0,0,0.3379041137023321,0.5260151130076838,0.8524045437525436,0
im0120,1,0,0,0,0,0,0,0,0,0,0,0,0,0,0.2972227894629365,0.4724657663604686,0.8390253688112258,0
im0121,0,1,0,0,0,0,0,0,0,0,0,0,0,0,,0.5805671628875645,1.055231902524281,1
im0122,0,1,0,0,0,0,0,0,0,0,0,0,0,0,0.4728484175458078,0.3476208127200602,1.0136014389172312,1
im0123,0,1,0,0,0,0,0,0,0,0,0,0,0,0,0.9838446475195822,0.6643746104412157,1.0457793082625542,1
im0124,0,1,0,0,0,0,0,0,0,0,0,0,0,0,,0.2801565154123707,1.042130989351712,1
im0125,0,1,0,0,0,0,0,0,0,0,0,0,0,0,,0.5525965417528689,1.0346456994903717,1
im0126,0,1,0,0,0,0,0,0,0,0,0,0,0,0,0.1963685272360457,0.7722790652302531,1.0396236278368207,1
im0127,0,1,0,0,0,0,0,0,0,0,0,0,0,0,,0.3365039475839973,1.03539422977801,1
im0128,0,0,0,0,0,0,0,0,0,0,0,0,0,1,0.4117647058823529,0.2918767631874909,0.9187076355605512,0
im0129,0,0,0,0,0,0,0,0,0,0,0,0,0,1,,0.3831074388889225,0.9395021767449736,0
im0130,0,0,0,0,0,0,0,0,0,0,0,0,0,1,,0.3004829771478399,1.0384343695111342,0
im0131,0,0,0,0,0,0,0,0,0,0,0,0,0,1,,0.1570250923948991,0.7217709334580327,0
im0132,0,0,0,0,0,0,0,0,0,0,0,0,0,1,,0.3788485325033227,0.711863251489101,0
im0133,0,1,0,0,0,0,0,0,0,0,0,0,0,0,,0.3266722841624398,1.0179895533430887,1
im0134,0,1,0,0,0,0,0,0,0,0,0,0,0,0,,0.5370800227936384,1.0476834379995312,1
im0135,0,1,0,0,0,0,0,0,0,0,0,0,0,0,0.2758536783194095,0.3462458395015476,1.0115070512797049,1
im0136,0,1,0,0,0,0,0,0,0,0,0,0,0,0,0.2150646715698706,0.6845318421468348,1.0456013889928637,1
im0137,0,1,0,0,0,0,0,0,0,0,0,0,0,0,0.2710057288351368,0.3649003690132823,1.0262245077717944,1
im0138,0,1,0,0,0,0,0,0,0,0,0,0,0,0,0.4024222405725295,0.4280806296364975,1.035742320643713,1
im0139,0,1,0,0,0,0,0,0,0,0,0,0,0,0,0.3037864500217612,0.5836474980386781,1.0201798555281405,1
im0140,0,1,0,0,0,0,0,0,0,0,0,0,0,0,0.2709284627092846,0.3035805827031464,1.0297801465317675,1
im0141,0,1,0,0,0,0,0,0,0,0,0,0,0,0,0.2853494623655914,0.503361478682648,1.056626754556692,1
im0142,0,0,0,1,0,0,0,0,0,0,0,0,0,0,,0.6512709720175236,1.012618716181762,1
im0143,0,0,0,1,0,0,0,0,0,0,0,0,0,0,,0.2519862511594326,1.01593561837144,1
im0144,0,0,0,0,0,0,0,0,0,0,0,0,0,1,,0.3947494853479741,1.0685124726372797,0
im0145,0,0,0,1,0,0,0,0,0,0,0,0,0,0,,0.5078031986535968,1.0190785314747175,1
im0146,0,0,0,0,0,0,0,0,0,0,0,0,0,1,,0.4765604790623521,0.7254819655349019,0
im0147,0,0,0,1,0,0,0,0,0,0,0,0,0,0,,0.3027467864232952,1.031641061018323,1
im0148,0,0,0,1,0,0,0,0,0,0,0,0,0,0,,0.2913070233181732,1.0093280491938097,1
im0149,0,0,0,1,0,0,0,0,0,0,0,0,0,0,0.4518928522618559,0.5437035384484081,1.03809857131035,1
im0150,0,0,0,1,0,0,0,0,0,0,0,0,0,0,,0.512885913708786,1.052200453485552,1
im0151,0,0,0,1,0,0,0,0,0,0,0,0,0,0,,0.5065168376781739,1.012190026466396,1
im0152,0,0,0,0,0,0,0,0,0,0,0,0,0,1,,0.416916994387923,0.9262533351286624,0
im0153,0,0,0,0,0,0,0,0,0,0,0,0,0,1,,0.2762969082013385,0.8948347084434953,0
im0154,0,0,0,1,0,0,0,0,0,0,0,0,0,0,,0.5040181928379831,1.0032431600940903,1
im0155,0,1,0,0,1,0,0,0,0,0,0,0,0,0,,0.5123499678739623,1.0076447421365695,1
im0156,0,1,0,0,1,0,0,0,0,0,0,0,0,0,,0.3743394756965142,1.0210352559258653,1
im0157,0,1,0,0,0,0,0,0,0,0,0,0,0,0,,0.7277998734803607,1.0481872336999276,1
im0158,0,0,0,1,0,0,0,0,0,0,0,0,0,0,,0.5371129683905456,1.0006821448153431,1
im0159,0,0,0,0,0,0,0,0,0,0,0,0,1,0,,0.2062550558377181,1.132153120496543,0
im0160,0,0,0,0,1,0,1,0,0,0,0,0,0,0,0.2630288166768853,0.5621445089969063,1.058163146997139,1
im0161,0,0,0,0,0,0,1,0,0,0,0,0,0,0,,0.3386759317362088,1.0105819357694177,1
im0162,1,0,0,0,0,0,0,0,0,0,0,0,0,0,0.4150559511698881,0.4772813019696388,0.9350698400621256,0
im0163,1,0,0,0,0,0,0,0,0,0,0,0,0,0,,0.5281758787085347,1.0513259367815535,0
im0164,1,0,0,0,0,0,0,0,0,0,0,0,0,0,,0.2570277362804339,0.9866634830567228,0
im0165,0,0,0,0,0,0,1,0,0,0,0,0,0,0,0.9700356555128908,0.6041771900214588,1.0415789164029532,1
im0166,0,0,0,0,0,0,1,0,0,0,0,0,0,0,0.204441633284138,0.5287492440342948,1.0410932404493536,1
im0167,1,0,0,0,0,0,0,0,0,0,0,0,0,0,,0.4820727247005162,0.7724807434590545,0
im0168,0,0,0,0,0,0,1,0,0,1,0,0,0,0,,0.7320492014508786,1.0570267735224224,1
im0169,0,0,0,0,0,0,1,0,0,1,0,0,0,0,,0.4385843846000508,1.0342452187648754,1
im0170,1,0,0,0,0,0,0,0,0,0,0,0,0,0,0.2014556040756914,0.2661989220560436,1.1087325129974264,0
im0171,0,0,0,1,0,0,0,0,0,0,0,0,0,0,4.053448596393381,0.3503432873489385,1.0061119552974689,1
im0172,0,0,0,1,0,0,0,0,0,0,0,0,0,0,4.214717741935484,0.3604402736996168,1.038784823740087,1
im0173,0,0,0,0,0,0,0,0,0,0,0,0,0,1,,0.3588934223106793,0.7904445105255731,0
im0174,0,0,0,0,0,0,0,0,0,0,0,0,0,1,,0.4161914448340422,0.8812420701054055,0
im0175,0,0,0,0,0,0,0,0,0,0,0,0,1,0,,0.4073606848810052,0.7848879312126125,0
im0176,0,0,0,0,0,0,0,0,0,0,0,0,1,0,,0.482774554432945,1.1672676692225574,0
im0177,0,0,0,0,0,0,0,0,0,0,1,0,0,0,0.856367513083931,0.3712370270914982,0.8913730708014459,0
im0178,0,0,0,0,0,0,0,0,0,0,1,0,0,0,,0.5685805262876273,0.9007148290800646,0
im0179,0,0,1,0,0,0,0,0,0,0,0,0,0,0,0.7096701649175412,0.4359446962105442,1.0554616761276914,1
im0180,0,0,0,0,0,0,0,0,0,0,0,0,0,1,1.3243486073674753,0.7421012593246953,0.7319053543711667,0
im0181,0,0,0,0,0,0,0,0,0,0,0,0,0,1,,0.4551681923489413,1.1155437797110146,0
im0182,0,0,0,0,0,0,0,0,0,0,0,0,0,1,,0.2520308669378178,0.8836603461419382,0
im0183,0,0,0,0,0,0,0,0,0,0,0,0,0,1,,0.2227505761427253,0.90499340735622,0
im0184,1,0,0,0,0,0,0,0,0,0,0,0,0,0,,0.4355514220054667,0.8253420739345949,0
im0185,0,0,0,0,0,0,0,0,0,0,0,0,0,1,,0.3388429110054203,0.89662468327608,0
im0186,0,1,0,0,0,0,0,0,0,0,0,0,0,0,,0.5700143570364721,1.0370426308915088,1
im0187,0,1,0,0,0,0,0,0,0,0,0,0,0,0,,0.5370314166809428,1.0580609665380756,1
im0188,0,1,0,0,0,0,0,0,0,0,0,0,0,0,,0.4622238682261598,1.0538500125343493,1
im0189,0,1,0,0,0,0,0,0,0,0,0,0,0,0,0.2778141248579594,0.3561957457618653,1.020190133836618,1
im0190,1,0,0,0,0,0,0,0,0,0,0,0,0,0,,0.1619316787018492,0.8465451150726117,0
im0191,0,1,0,0,0,0,0,0,0,0,0,0,0,0,0.3625860660520481,0.4110313219078436,1.0072294666577684,1
im0192,0,0,1,0,0,0,0,0,0,0,0,0,1,0,0.2451127819548872,0.5895219939601073,1.0547211009693618,1
im0193,0,1,0,0,0,0,0,0,0,0,0,0,1,0,,0.5015303979015304,1.0418747102237034,1
im0194,0,1,0,0,0,0,0,0,0,0,0,0,0,0,0.2888126286890872,0.3015428785375581,1.040810331088821,1
im0195,0,1,0,0,0,0,0,0,0,0,0,0,0,0,0.2193912957271735,0.4959256090577522,1.020460579417788,1
im0196,0,1,0,0,1,0,0,0,0,0,0,0,0,0,0.3086419753086419,0.5249869174707639,1.0271746276227764,1
im0197,0,1,0,0,0,0,0,0,0,0,0,0,0,0,0.2522212668386357,0.3511182584941213,1.0085940592708489,1
im0198,1,0,0,0,0,0,0,0,0,0,0,0,0,0,,0.3905151881530949,0.9083884642194936,0
im0199,1,0,0,0,0,0,0,0,0,0,0,0,0,0,,0.3774300670205364,1.0589218603848,0
im0200,0,0,0,0,0,0,0,1,0,0,0,0,0,0,,0.3156214890895781,1.027426901526041,1
im0201,0,0,0,0,0,0,0,1,0,0,0,0,0,0,0.7248169047904911,0.5212154846537721,1.0568244846862236,1
im0202,0,0,0,0,0,0,0,1,0,0,0,0,0,0,,0.5490247703321095,1.020664905050647,1
im0203,0,0,1,0,0,0,0,0,0,0,0,0,0,0,,0.6205718988597408,1.017820240479539,1
im0204,0,0,1,0,0,0,0,0,0,0,0,0,0,0,,0.6165649507420364,1.036569619297585,1
im0205,0,1,0,0,0,0,0,0,0,0,0,0,0,0,0.6118875974694719,0.2834692496393701,1.017382082310032,1
im0206,0,0,0,0,0,0,1,0,0,0,0,0,0,0,,0.3437250493253286,1.0062801164913526,1
im0207,0,0,0,0,0,0,1,0,0,0,0,0,0,0,,0.5427574206814455,1.046642552688397,1
im0208,0,0,0,0,1,0,0,0,0,0,0,0,0,0,,0.5425862725099129,1.031156340421962,1
im0209,0,0,0,0,1,0,0,1,0,0,0,0,0,0,0.4021931376016979,0.5427591220166607,1.0014850857981743,1
im0210,0,0,0,0,0,0,1,0,0,0,0,0,0,0,,1,1.0270395971025317,1
im0211,0,0,0,0,0,0,1,0,0,0,0,0,0,0,,0.5504092241679094,1.0223340211921608,1
im0212,0,0,0,0,0,1,0,0,0,0,0,0,0,0,,0.6277660282024288,1.043146397868017,1
im0213,1,0,0,0,0,0,0,0,0,0,0,0,0,0,,0.5001478624794988,0.7124154477324182,0
im0214,0,0,0,0,0,0,0,0,1,0,0,0,0,0,,0.561437299765745,1.0583271668823038,1
im0215,0,0,0,0,0,0,0,0,1,0,0,0,0,0,,0.429011126470855,1.0291565265302185,1
im0216,1,0,0,0,0,0,0,0,0,0,0,0,0,0,,0.4734296781264978,0.8756271607466979,0
im0217,0,0,0,0,0,0,1,0,0,0,0,0,0,0,,0.3663289475509281,1.0506707555875223,1
im0218,0,0,0,0,0,0,1,0,0,0,0,0,0,0,0.2001494449188727,0.4397583513892751,1.051456323043777,1
im0219,1,0,0,0,0,0,0,0,0,0,0,0,0,0,0.2197666591877944,0.3029642173929611,0.7510161630795046,0
im0220,0,0,0,0,0,1,0,0,0,0,0,0,0,0,0.6865963266901133,0.4834171757679856,1.0233925825951202,1
im0221,0,0,0,0,0,0,0,0,0,0,0,0,0,1,0.2012534115030829,0.68654895610903,0.7181368558630027,0
im0222,0,1,0,0,0,0,0,0,0,0,0,0,0,0,,0.2163978199187789,1.030265983783741,1
im0223,0,1,0,0,0,0,0,0,0,0,0,0,0,0,,0.5662141166389772,1.0437141201474551,1
im0224,0,1,0,0,0,0,0,0,0,0,0,0,0,0,,0.2512694141232127,1.0408657993700587,1
im0225,0,1,0,0,0,0,0,0,0,0,0,0,0,0,,0.4075493707622855,1.058546407547635,1
im0226,0,0,0,0,0,0,0,0,1,0,0,0,0,0,0.7292709253262682,0.6213800717920943,1.039172290342826,1
im0227,0,1,0,0,0,0,0,0,0,0,0,0,0,0,0.2645876077144029,0.4810068962206373,1.008782617334613,1
im0228,0,1,0,0,0,0,0,0,0,0,0,0,0,0,0.2996205101050216,0.3245569592343954,1.0102816167951931,1
im0229,0,1,0,0,0,0,0,0,0,0,0,0,0,0,,0.3742090180182944,1.0065117055562367,1
im0230,0,1,0,0,1,0,0,0,0,0,0,0,0,0,,0.565301405683705,1.0108435254230317,1
im0231,1,0,0,0,0,0,0,0,0,0,0,0,0,0,1.3444582152974505,0.2694003953677495,0.991069532835227,0
im0232,0,0,1,0,0,0,0,0,0,0,0,0,0,0,0.3260310505762454,0.5018543662802168,1.0025693201171006,1
im0233,0,1,0,0,0,0,0,0,0,0,0,0,0,0,,0.4784439978814016,1.0060451605253655,1
im0234,1,0,0,0,0,0,0,0,0,0,0,0,0,0,,0.2801908617551348,0.8365951591010858,0
im0235,1,0,0,0,0,0,0,0,0,0,0,0,0,0,0.4374389370155669,0.6631621878940634,1.1065596404869182,0
im0236,1,0,0,0,0,0,0,0,0,0,0,0,0,0,0.2922210122626769,0.4562986178591509,0.9118236805473118,0
im0237,1,0,0,0,0,0,0,0,0,0,0,0,0,0,0.5096256684491979,0.092024547584521,0.7316896119757418,0
im0238,1,0,0,0,0,0,0,0,0,0,0,0,0,0,,0.3949988759604425,0.987198078600796,0
im0239,1,0,0,0,0,0,0,0,0,0,0,0,0,0,0.2784267912772585,0.2787954302440412,0.7185931447566791,0
im0240,1,0,0,0,0,0,0,0,0,0,0,0,0,0,0.3067199418815837,0.4862336512374733,0.8067938823686207,0
im0241,1,0,0,0,0,0,0,0,0,0,0,0,0,0,0.2245183887915937,0.2608856887655642,1.065836403094466,0
im0242,1,0,0,0,0,0,0,0,0,0,0,0,0,0,0.5392300591844491,0.3537377098659993,0.7144273759168293,0
im0243,1,0,0,0,0,0,0,0,0,0,0,0,0,0,0.3344902943823113,0.4386358112605221,1.171120832523806,0
im0244,1,0,0,0,0,0,0,0,0,0,0,0,0,0,0.2091351237048001,0.4880586589474772,1.171069898153652,0
im0245,1,0,0,0,0,0,0,0,0,0,0,0,0,0,0.3629263212705024,0.2050230859334654,0.7570408653519797,0
im0246,0,0,0,1,0,0,0,0,0,0,0,0,0,0,0.385814696485623,0.4263764693081621,1.0274784632533582,1
im0247,0,1,0,0,0,0,0,0,0,0,0,0,0,0,,0.4071365484315319,1.0080979080026924,1
im0248,0,0,0,1,0,0,0,0,0,0,0,0,0,0,0.4086086897763362,0.3826991164798866,1.0054430880973886,1
im0249,1,0,0,0,0,0,0,0,0,0,0,0,0,0,0.146914642817049,0.6113115510364667,0.9344127449201663,0
im0250,0,0,0,0,0,0,0,0,0,0,0,0,1,0,,0.4249357017220206,0.8558397047778393,0
im0251,0,1,0,0,0,0,0,0,0,0,0,0,0,0,0.4288107202680067,0.2994680884121196,1.0401249703812414,1
im0252,1,0,0,0,0,0,0,0,0,0,0,0,0,0,0.2119557799918111,0.4951969437085436,0.7893059243462213,0
im0253,1,0,0,0,0,0,0,0,0,0,0,0,0,0,0.1436281967688183,0.6601773889752797,0.9805789106017856,0
im0254,1,0,0,0,0,0,0,0,0,0,0,0,0,0,,0.5108968490185094,1.0781360579137629,0
im0255,1,0,0,0,0,0,0,0,0,0,0,0,0,0,0.2720725910989486,0.1613120926926396,1.1252672649123483,0
im0256,0,1,0,0,0,0,0,0,0,0,0,0,0,0,,0.4058640487561661,1.0194744547630543,1
im0257,0,0,0,0,0,0,1,0,0,0,0,0,0,0,,0.6457595049298632,1.0338300166500751,1
im0258,0,0,0,0,0,0,1,0,0,0,0,0,0,0,,0.375254859526914,1.0001727728885017,1
im0259,0,0,0,1,0,0,0,0,0,0,0,0,0,0,0.2978134992654049,0.5330013159429439,1.0159053640078584,1
im0260,0,0,0,1,0,0,0,0,0,0,0,0,0,0,0.1578451882845188,0.5783207585807092,1.0249722482180204,1
im0261,0,0,0,1,0,0,0,0,0,0,0,0,0,0,,0.3452175340194111,1.0406559686102737,1
im0262,0,0,0,0,1,0,0,0,0,0,0,0,1,0,,0.4640463685750264,1.0428119369861624,1
im0263,0,0,0,0,1,0,0,0,0,0,0,0,1,0,0.2257106806205002,0.02816850129819,1.0063805492671476,1
im0264,0,0,0,0,0,0,0,0,0,0,0,0,1,0,,0.2291214377242078,0.7803275931985856,0
im0265,0,0,0,0,0,0,0,0,0,0,0,0,1,0,,0.3348556659831974,0.7962393874101793,0
im0266,0,0,0,0,0,0,0,0,0,0,0,0,1,0,,0.1985177079753341,0.8800025032095978,0
im0267,0,0,0,1,0,1,0,0,0,0,0,0,0,0,0.1781871319133861,0.6958306385228396,1.04906280117425,1
im0268,0,0,0,1,0,0,0,0,0,0,0,0,0,0,0.4845023227476963,0.2762809270390357,1.0384639577783883,1
im0269,0,0,0,1,0,0,0,0,0,0,0,0,0,0,0.3458179126572909,0.411917733395625,1.0020507368587337,1
im0270,0,0,0,1,0,0,0,0,0,0,0,0,0,0,0.4124431556053516,0.4901115585432793,1.0496266311530305,1
im0271,0,0,0,0,0,1,0,0,0,0,0,0,0,0,,0.6696459790834899,1.0277600799123272,1
im0272,0,0,0,0,0,1,0,0,0,0,0,0,0,0,1.2109558051224043,0.2754972184786553,1.0055620274147483,1
im0273,0,0,0,0,0,0,0,0,0,0,0,0,0,1,,0.528801688588442,1.081395377694106,0
im0274,0,0,0,0,0,1,0,0,0,0,0,0,0,0,0.2877124756946622,0.4736028160226436,1.0519022681108718,1
im0275,0,0,0,0,0,1,0,0,0,0,0,0,0,0,0.2735567970204842,0.3377406799606113,1.0289947760903526,1
im0276,0,0,0,0,0,1,0,0,0,0,0,0,0,0,,0.5355061108215815,1.0093203085450628,1
im0277,0,1,0,0,0,0,0,0,0,0,0,0,0,0,,0.4994708314582476,1.0171328744524657,1
im0278,1,0,0,0,0,0,0,0,0,0,0,0,0,0,,0.2872300615470434,1.1722531184273728,0
im0279,0,0,0,0,0,0,0,0,0,0,0,1,0,0,,0.3790182825041192,0.7535538316298198,1
im0280,0,0,0,0,1,0,0,0,0,0,0,0,0,0,,0.4194155077769075,1.054506480879373,1
im0281,0,0,0,0,0,1,0,0,0,0,0,0,0,0,,0.4877520882642008,1.0434737599128023,1
im0282,0,0,0,0,0,0,0,0,0,0,0,0,1,0,0.3242462115294485,0.4601634299200985,1.0870361926016694,0
im0283,0,0,0,0,0,0,0,0,0,0,0,0,0,1,,0.5867297960937131,1.1373185594006838,0
im0284,0,0,0,0,1,0,0,0,0,0,0,0,0,0,0.1748667071606938,0.3026283161234878,1.0508642211427588,1
im0285,0,0,0,0,0,0,0,0,0,0,0,0,0,1,0.2114121510673234,0.6616674912579692,0.8882380735030436,0
im0286,0,0,0,0,0,0,0,0,0,0,0,0,0,1,0.541654284299158,0.1020325761961647,1.1585435483760622,0
im0287,0,0,0,0,0,0,0,0,0,0,0,0,0,1,,0.348662286345121,1.1278890873292804,0
im0288,0,0,0,0,0,0,0,0,0,0,0,0,0,1,0.3044785877737823,0.4500514669810037,0.7905922590016342,0
im0289,0,0,0,0,0,0,0,0,0,0,0,0,0,1,0.7996121077786243,0.4079499031560294,0.8509976382656604,0
im0290,0,0,0,0,0,0,0,0,0,0,0,0,0,1,,0.2841500863688455,1.038449200022906,0
im0291,0,0,0,0,0,0,0,0,0,0,0,0,0,1,,0.340944464085022,1.0302492336067124,0
im0292,0,0,0,0,0,0,0,0,0,0,0,0,1,0,,0.3019179452880439,0.851765610595172,0
im0293,0,0,0,0,1,1,0,0,0,0,0,0,0,0,0.3789917328578375,0.3914618317971585,1.0248727300530502,1
im0294,0,0,0,0,0,0,0,0,0,0,0,0,0,1,,0.485845790157156,0.8799144089090463,0
im0295,0,0,0,0,0,0,0,0,0,0,0,0,0,1,,0.4183646422339708,0.9838206963189003,0
im0296,0,0,0,0,0,0,0,0,0,0,0,0,0,1,,0.2745317646765202,0.807460274622095,0
im0297,0,0,0,0,0,0,0,0,0,1,0,0,0,0,,0.5954402598637643,1.0387101594378283,1
im0298,0,0,0,0,0,0,0,0,0,0,0,0,0,1,,0.4115538797833131,0.8481164550930822,0
im0299,0,0,0,0,0,0,0,0,0,1,0,0,0,0,0.5147372381788536,0.5835577538193614,1.0588365482896551,1
im0300,0,0,0,0,0,0,0,0,0,0,0,0,0,1,,0.4557108911704555,1.0485516496749194,0
im0301,0,0,0,0,0,0,0,0,0,0,0,0,0,1,,0.2558889517004429,0.9273093027734368,0
im0302,0,0,0,0,0,0,0,0,0,0,0,0,0,1,,0.2927147096791916,1.1004957914649705,0
im0303,0,0,0,0,0,0,0,0,0,0,0,0,0,1,,0.4718301950910402,0.7702313993591424,0
im0304,0,0,0,0,0,0,0,0,0,0,0,0,1,0,,0.4530725919967617,1.0486866987261456,0
im0305,0,0,0,0,0,0,0,0,0,0,0,0,0,1,,0.366592471003555,1.038877488956109,0
im0306,0,0,0,0,0,0,0,0,0,0,1,0,0,0,,0.3855289379177262,1.1546822685337086,0
im0307,0,0,0,0,0,0,0,0,0,0,0,0,1,0,,0.544487597294608,0.9053507542485784,0
im0308,0,0,0,0,0,0,0,0,0,0,1,0,0,0,,0.2884144369711733,1.1561831926705184,0
im0309,0,0,0,0,0,0,0,0,0,0,1,0,0,0,0.2793688676743569,0.4444046201788641,1.1326411208707687,0
im0310,0,0,0,1,0,0,0,0,0,0,0,0,0,0,,0.444501880937314,1.0070045881379144,1
im0311,0,0,0,0,0,0,0,0,0,0,1,0,0,0,,0.3396349499851062,0.7682904484119064,0
im0312,0,0,0,0,0,0,0,0,0,0,1,0,0,0,,0.5199811038688893,1.108064740685624,0
im0313,0,0,0,0,0,0,0,0,0,0,1,0,0,0,,0.4825325006685347,0.9117547330418716,0
im0314,0,0,0,0,0,0,0,0,0,0,1,0,0,0,,0.4809013587691262,1.051981393126724,0
im0315,0,0,0,0,0,0,0,0,0,0,1,0,0,0,,0.5482979214590861,0.7860828764761854,0
im0316,0,0,0,0,0,0,0,0,0,0,1,0,0,0,,0.3723332419356724,0.9219515398268986,0
im0317,0,0,0,0,0,0,0,0,0,0,0,0,0,1,0.8167320028510335,0.4628789550902011,1.0388070880127602,0
im0318,0,0,0,0,0,0,0,0,0,1,0,0,0,0,,0.429696434654836,1.024548964449746,1
im0319,0,0,0,0,0,0,0,0,0,0,0,0,0,1,,0.4138645255326028,0.7955913221343587,0
im0320,0,0,0,0,0,0,0,0,0,1,0,0,0,0,,0.4543722052128542,1.0263956566494048,1
im0321,0,0,0,0,0,0,0,0,0,1,0,0,0,0,,0.485488767093674,1.0471917630709011,1
im0322,0,0,0,0,0,0,0,0,0,1,0,0,0,0,1.150777248629706,0.5537335781683004,1.0568698559463343,1
im0323,0,0,0,0,0,0,0,0,0,0,0,0,0,1,,0.2573649642111538,0.7944907411231701,0
im0324,0,0,0,0,0,0,0,0,0,0,0,0,0,1,,0.6560992412170891,1.081347371700205,0
im0325,0,0,0,0,0,0,0,0,0,0,0,0,0,1,,0.2316380433189635,0.9053243794346352,0
im0326,0,0,0,0,0,0,0,0,0,1,0,0,0,0,0.3030390025837673,0.3058650451696792,1.0028334657378988,1
im0327,0,0,0,0,0,0,0,0,0,1,0,0,0,0,0.2233755449449865,0.6308545778918577,1.0335591945356786,1
im0328,0,0,0,0,0,0,0,0,0,1,0,0,0,0,0.2532058094226,0.5806535710952742,1.0130927781218284,1
im0329,0,0,0,0,0,0,0,0,1,0,0,0,0,0,,0.5577012914219486,1.0512033992469323,1
im0330,0,0,0,0,0,0,0,1,0,0,0,0,0,0,0.6462749430366637,0.5582801836509375,1.0464237391204845,1
im0331,0,0,0,0,0,0,1,0,0,0,0,0,0,0,0.7424278750099896,0.4705232256310533,1.0067330053904635,1
im0332,0,0,0,0,0,1,0,0,1,0,0,0,0,0,,0.3492829658747664,1.029639171668415,1
im0333,0,0,0,0,0,0,0,0,1,0,0,0,0,0,,0.4825856827937626,1.0181660419556893,1
im0334,0,0,0,0,1,0,0,0,1,0,0,0,0,0,0.413787600734062,0.3794342225495162,1.0318783927724708,1
im0335,0,0,0,0,0,0,0,0,1,0,0,0,0,0,,0.6057859870788527,1.01702894066008,1
im0336,0,0,0,0,0,0,0,0,1,0,0,0,0,0,0.4139024201654682,0.4520550528872269,1.005485648978738,1
im0337,0,0,0,0,0,0,1,0,0,0,0,0,0,0,,0.3591132300584584,1.024125734103544,1
im0338,0,0,0,0,0,0,0,1,0,0,0,0,0,0,,0.4281731926364129,1.0149633870933514,1
im0339,0,0,0,0,0,1,0,0,0,0,0,0,0,0,,0.5287698652964445,1.0052059483336402,1
im0340,0,0,1,0,0,0,0,0,0,0,0,0,0,0,,0.3949743722713277,1.0089535808562915,1
im0341,0,0,1,0,0,0,0,0,0,0,0,0,0,0,,0.3595621304209306,1.0084141451311175,1
im0342,0,0,1,0,0,0,0,0,0,0,0,0,0,0,0.2843350229302437,0.5055845096125945,1.0481673638612394,1
im0343,0,0,1,0,0,0,0,0,0,0,0,0,0,0,,0.5057597735227601,1.0467060099388732,1
im0344,0,0,0,0,0,0,0,0,0,0,0,0,0,1,,0.3000079493872818,0.9027850483569402,0
im0345,0,0,1,0,0,0,0,0,0,0,0,0,0,0,0.265684669939989,0.4076717826686012,1.0359826142519988,1
im0346,0,0,1,0,0,0,0,0,0,0,0,0,0,0,0.2663030361538833,0.5039902790759702,1.0466095897396168,1
im0347,0,0,1,0,0,0,0,0,0,0,0,0,0,0,,0.2738228582458053,1.0114326958409356,1
im0348,0,0,1,0,0,0,0,0,0,0,0,0,0,0,,0.2793876105900155,1.0456412041880887,1
im0349,0,0,1,0,0,0,0,0,0,0,0,0,0,0,0.2819228059187348,0.3737787883905261,1.009556484279243,1
im0350,0,0,1,0,0,0,0,0,0,0,0,0,0,0,,0.4429600880555528,1.0107332745038136,1
im0351,0,0,1,0,0,0,0,0,0,0,0,0,0,0,0.2244731374295043,0.5147932590123353,1.0056916402237142,1
im0352,0,0,1,0,0,0,0,0,0,0,0,0,0,0,,0.6743151175589083,1.0066059472138575,1
im0353,0,0,1,0,0,0,0,0,0,0,0,0,0,0,1.0311779209417005,0.5896947192801819,1.040056402006538,1
im0354,0,0,1,0,0,0,0,0,0,0,0,0,0,0,,0.4502904196933338,1.051285334581543,1
im0355,0,0,0,0,1,1,0,0,0,0,0,0,0,0,,0.4695958572493269,1.015055482320614,1
im0356,0,0,1,0,0,0,0,0,0,0,0,0,0,0,,0.3348609795153085,1.005964677362223,1
im0357,0,0,0,0,0,0,0,0,0,0,0,1,0,0,,0.3669196741432323,0.9739867422988906,1
im0358,0,0,0,0,0,0,0,0,0,0,0,1,0,0,,0.3299115049508727,1.009182379037503,1
im0359,0,0,0,0,0,0,0,0,0,0,0,1,0,0,,0.413666187465617,1.121772316401633,1
im0360,0,0,0,0,0,0,0,0,0,0,0,0,0,1,,0.2561306174064379,0.8830270763068127,0
im0361,0,0,0,0,0,1,0,0,0,0,0,1,0,0,,0.5433480333619459,1.054809008976712,1
im0362,0,0,0,0,0,0,0,0,0,0,0,1,0,0,,0.5794310713977506,0.7440852103164444,1
im0363,0,0,0,0,0,0,0,0,0,0,0,1,0,0,0.5284406540959237,0.3545564229686115,0.8104829802363274,1
im0364,0,0,0,0,1,0,0,1,0,0,0,0,0,0,,0.5272328352804435,1.0383094603951877,1
im0365,0,0,0,0,0,0,0,1,0,0,0,0,0,0,,0.5667461720514,1.0585988036353815,1
im0366,0,0,0,0,1,0,0,1,0,0,0,0,0,0,,0.4172363698092836,1.0512597713145109,1
im0367,0,0,0,0,0,0,0,1,0,0,0,0,0,0,,0.5029001596475858,1.028620954255895,1
im0368,0,0,0,0,0,0,0,0,1,0,0,0,0,0,,0.4739260301578255,1.0267403414478102,1
im0369,0,0,0,0,0,0,0,0,1,0,0,0,0,0,,0.4855819409479312,1.0357616774119978,1
im0370,0,0,0,1,0,0,0,0,0,0,0,0,0,0,,0.3663036627600641,1.0486757361559926,1
im0371,0,0,0,1,0,0,0,0,0,0,0,0,0,0,,0.4755586872720787,1.0527915792524805,1
im0372,0,0,0,1,0,0,0,0,0,0,0,0,0,0,,0.5404234662674745,1.0104773172865733,1
im0373,0,0,0,1,0,0,0,0,0,0,0,0,0,0,0.2877481177275838,0.6709981482721079,1.0344248541272822,1
im0374,0,0,0,0,0,0,0,0,0,0,0,0,0,1,,0.5008696896347787,0.9479399877034064,0
im0375,0,0,0,1,0,0,0,0,0,0,0,0,0,0,,0.7671728846580292,1.0540782236890265,1
im0376,0,0,0,1,0,0,0,0,0,0,0,0,0,0,0.2135653549535297,0.367079350044493,1.0134838060841689,1
im0377,0,0,0,1,0,0,0,0,0,0,0,0,0,0,,0.5917031823600766,1.026790418560516,1
im0378,0,0,0,1,0,1,0,0,0,0,0,0,0,0,,0.4973176106256703,1.0460521978415782,1
im0379,0,0,0,1,0,0,0,0,0,0,0,0,0,0,,0.7721896506087811,1.0088590044902055,1
im0380,0,0,0,1,0,0,0,0,0,0,0,0,0,0,,0.3614693685745545,1.0405173052882075,1
im0381,0,0,0,1,0,0,0,0,0,0,0,0,0,0,0.1415329768270944,0.3571645465618798,1.018130615271115,1
im0382,0,0,0,1,0,0,0,0,0,0,0,0,0,0,,0.3900880765792441,1.0437701040624308,1
im0383,0,0,0,1,0,0,0,0,0,0,0,0,0,0,,0.1812411134964355,1.014717782624768,1
im0384,0,0,0,1,0,0,0,0,0,0,0,0,0,0,,0.4001759500016011,1.0360218049075325,1
im0385,0,0,0,1,0,0,0,0,0,0,0,0,0,0,,0.3682047378639657,1.0419171964148908,1
im0386,0,0,0,0,0,0,0,0,0,0,0,0,0,1,,0.3900588191474358,0.9735355053450884,0
im0387,0,0,0,0,0,0,0,0,0,0,0,0,0,1,,0.416274189020034,0.8508144225087074,0
im0388,0,0,0,0,0,0,0,0,0,0,0,0,0,1,,0.6264790018412177,0.9167553322927956,0
im0389,0,0,0,0,0,0,0,0,0,0,0,0,0,1,,0.4996577100849941,1.1231651491686503,0
im0390,0,0,0,0,0,0,0,0,0,0,0,0,0,1,,0.2904238205998756,1.1489674791009,0
im0391,0,0,0,0,0,0,0,0,0,0,0,0,0,1,,0.2463789117016677,0.7957455452559798,0
im0392,0,0,0,0,0,0,0,0,0,0,0,0,0,1,,0.4368455659031923,0.7227683764534014,0
im0393,0,0,0,0,0,0,0,0,0,0,0,0,0,1,,0.1885925278179853,0.8866801018078951,0
im0394,0,0,0,0,0,0,0,0,0,0,0,0,0,1,,0.6203537398695337,0.8113920926592519,0
im0395,0,0,0,0,0,0,0,0,0,0,0,0,0,1,,0.5310314447576607,0.970054029155648,0
im0396,0,0,0,0,1,1,0,0,0,0,0,0,0,0,,0.4079269540322984,1.0388088398305546,1
im0397,0,0,0,0,0,1,0,0,0,0,0,0,0,0,,0.2375127139693989,1.0068805272179369,1
im0398,0,0,0,0,1,1,0,0,0,0,0,0,0,0,,0.6576726246831491,1.0246832414732696,1
im0399,0,0,0,0,0,0,0,0,0,1,0,0,0,0,,0.4565097429346227,1.0322518151553908,1
im0400,0,0,0,0,0,0,0,0,0,1,0,0,0,0,0.2527675276752767,0.6417737022918797,1.0327684753854016,1
im0401,0,0,0,0,0,0,0,0,0,0,0,0,1,0,,0.1510296790832341,1.058392488020446,0
im0402,0,0,0,0,0,0,0,0,0,0,0,0,1,0,,0.2873453900737709,0.7417957817756942,0
21_training.tif,0,0,0,0,0,0,0,0,0,0,0,0,0,1,0.4350606970369403,0.3701742054455251,0.8132086739107813,0
22_training.tif,0,0,0,0,0,0,0,0,0,0,0,0,0,1,0.3410635745701719,0.3758918872862321,1.1540167248791289,0
23_training.tif,0,0,0,0,0,0,0,0,0,0,0,0,0,1,,0.4105449239419169,1.0485697437773778,1
24_training.tif,0,0,0,0,0,0,0,0,0,0,0,0,0,1,0.482714054927302,0.4547822248413343,0.8617992314579134,0
25_training.tif,0,0,0,0,0,0,0,0,0,0,0,0,0,1,0.2591764241547165,0.2231988281770965,0.7966680918280938,0
26_training.tif,0,0,0,0,0,0,0,0,0,0,0,0,0,1,0.1035252927683206,0.3499507934755146,0.9019745770490036,0
27_training.tif,0,0,0,0,0,0,0,0,0,0,0,0,0,1,0.2461341853035143,0.3859355685590546,0.8656271058164698,0
28_training.tif,0,0,0,0,0,0,0,0,0,0,0,0,0,1,0.2558874664137822,0.4399306125645509,1.0623668089675369,0
29_training.tif,0,0,0,0,0,0,0,0,0,0,0,0,0,1,0.2586403884604398,0.4669424425564025,0.7277706696550506,0
30_training.tif,0,0,0,0,0,0,0,0,0,0,0,0,0,1,0.2007405022537025,0.2153872329111971,1.1790980801862003,0
31_training.tif,0,0,0,0,0,0,0,0,0,0,0,0,0,1,0.8901429646350639,0.2620373336246819,1.0083602597634385,1
32_training.tif,0,0,0,0,0,0,0,0,0,0,0,0,0,1,0.289210233592881,0.5444892310937829,1.004849003267036,0
33_training.tif,0,0,0,0,0,0,0,0,0,0,0,0,0,1,0.2728381881958213,0.41498070165881,1.1556289161044984,0
34_training.tif,0,0,0,0,0,0,0,0,0,0,0,0,0,1,,0.3696631874434232,1.035348406865879,1
35_training.tif,0,0,0,0,0,0,0,0,0,0,0,0,0,1,0.4635339145226451,0.5819535406807944,1.156573551563521,0
36_training.tif,0,0,0,0,0,0,0,0,0,0,0,0,0,1,0.2814621409921671,0.3853025220990251,1.1247331954536646,0
37_training.tif,0,0,0,0,0,0,0,0,0,0,0,0,0,1,0.3279507241551523,0.5310118633693135,1.1554422256215426,0
38_training.tif,0,0,0,0,0,0,0,0,0,0,0,0,0,1,0.3757161338015154,0.3787054437311702,0.9765923909018692,0
39_training.tif,0,0,0,0,0,0,0,0,0,0,0,0,0,1,0.2731753855938941,0.6517648568391099,0.8578386715469317,0
40_training.tif,0,0,0,0,0,0,0,0,0,0,0,0,0,1,0.2767382312389206,0.6099260815978197,0.8334830349834325,0
cropped_g0005_mask_0.png,0,0,0,0,0,0,0,0,0,0,0,0,0,1,0.2512515526781345,0.3353493908395018,0.7432912850872319,0
cropped_g0004_mask_0.png,0,0,0,0,0,0,0,0,0,0,0,0,0,1,0.4178757211765818,0.5025547263920493,0.7165504765110032,0
cropped_g0002_mask_0.png,0,0,0,0,0,0,0,0,0,0,0,0,0,1,0.6969118412795898,0.5606132427246012,1.0331246689685134,1
cropped_g0001_mask_0.png,0,0,0,0,0,0,0,0,0,0,0,0,0,1,0.389377027547149,0.55694943571945,0.971154138783211,0
cropped_g0003_mask_0.png,0,0,0,0,0,0,0,0,0,0,0,0,0,1,0.5713715416391849,0.3400127427129783,1.03511636289579,1
cropped_g0014_mask_0.png,0,0,0,0,0,0,0,0,0,0,0,0,0,1,0.5859013069686829,0.5661855219409734,1.0078844623267529,1
cropped_g0007_mask_0.png,0,0,0,0,0,0,0,0,0,0,0,0,0,1,0.664978484327592,0.6171981941158796,1.0228758810983851,1
cropped_g0010_mask_0.png,0,0,0,0,0,0,0,0,0,0,0,0,0,1,0.4775332099754205,0.1285200320549181,0.7758614699288823,0
cropped_g0013_mask_0.png,0,0,0,0,0,0,0,0,0,0,0,0,0,1,0.3692609136044368,0.2073571661659073,0.7946100648814799,0
cropped_g0008_mask_0.png,0,0,0,0,0,0,0,0,0,0,0,0,0,1,0.2794543617379589,0.0900943656428593,1.142266260458936,0
cropped_g0009_mask_0.png,0,0,0,0,0,0,0,0,0,0,0,0,0,1,0.3121911411343337,0.3325488764028086,0.9786831317154334,0
cropped_g0006_mask_0.png,0,0,0,0,0,0,0,0,0,0,0,0,0,1,0.5464119913077835,0.5704995552535638,1.0492345684242246,1
cropped_g0012_mask_0.png,0,0,0,0,0,0,0,0,0,0,0,0,0,1,0.3406128379871178,0.5752689549211754,1.125703268203046,0
cropped_g0011_mask_0.png,0,0,0,0,0,0,0,0,0,0,0,0,0,1,0.3683030024978335,0.3796063537362291,0.7398464965443794,0
cropped_g0017_mask_0.png,0,0,0,0,0,0,0,0,0,0,0,0,0,1,0.5189233695806479,0.6953106444230285,1.0163140636647952,1
cropped_g0021_mask_0.png,0,0,0,0,0,0,0,0,0,0,0,0,0,1,0.3550428432160632,0.1803909684900108,0.7593386232441284,0
cropped_g0024_mask_0.png,0,0,0,0,0,0,0,0,0,0,0,0,0,1,0.5128702529284489,0.2388486865582716,1.0382066323277577,1
cropped_g0025_mask_0.png,0,0,0,0,0,0,0,0,0,0,0,0,0,1,0.6050529344814998,0.4645912816228575,1.05167731441836,1
cropped_g0022_mask_0.png,0,0,0,0,0,0,0,0,0,0,0,0,0,1,0.3913575297830131,0.4220703104592391,0.7388166465974809,0
cropped_g0016_mask_0.png,0,0,0,0,0,0,0,0,0,0,0,0,0,1,0.4875606141272285,0.3649768859258004,0.7818626993997342,0
cropped_g0018_mask_0.png,0,0,0,0,0,0,0,0,0,0,0,0,0,1,1.2908783866467608,0.188974891241617,1.0495314689360102,1
cropped_g0026_mask_0.png,0,0,0,0,0,0,0,0,0,0,0,0,0,1,0.6606911318622495,0.4599920902676749,1.0126376894818034,1
cropped_g0015_mask_0.png,0,0,0,0,0,0,0,0,0,0,0,0,0,1,0.3095308495958999,0.1907520526352134,1.1124594508252663,0
cropped_g0028_mask_0.png,0,0,0,0,0,0,0,0,0,0,0,0,0,1,0.5740043016001343,0.5639417181051237,1.0523881275713225,1
cropped_g0019_mask_0.png,0,0,0,0,0,0,0,0,0,0,0,0,0,1,0.4815060878054071,0.4196774177732414,0.7922902635679845,0
cropped_g0023_mask_0.png,0,0,0,0,0,0,0,0,0,0,0,0,0,1,0.3581773718620551,0.2406984618178368,0.7873744872272749,0
cropped_g0020_mask_0.png,0,0,0,0,0,0,0,0,0,0,0,0,0,1,0.360452232050632,0.2990594419669146,0.7364105923170797,0
cropped_g0027_mask_0.png,0,0,0,0,0,0,0,0,0,0,0,0,0,1,0.3863506605589856,0.2243505195861239,1.1090664083356274,0
cropped_g0040_mask_0.png,0,0,0,0,0,0,0,0,0,0,0,0,0,1,0.6396285639550091,0.4636143266306873,1.0140458656899136,1
cropped_g0039_mask_0.png,0,0,0,0,0,0,0,0,0,0,0,0,0,1,0.2859160724081185,0.5003041113389818,0.9554632444911846,0
cropped_g0038_mask_0.png,0,0,0,0,0,0,0,0,0,0,0,0,0,1,0.5475882439095836,0.3371629243560842,1.0399684874776505,1
cropped_n0002_mask_0.png,0,0,0,0,0,0,0,0,0,0,0,0,0,1,0.2024815717300653,0.4385069328116232,0.9301275052542872,0
cropped_g0029_mask_0.png,0,0,0,0,0,0,0,0,0,0,0,0,0,1,0.4298694482713376,0.2968140229962551,1.120507730112429,0
cropped_n0001_mask_0.png,0,0,0,0,0,0,0,0,0,0,0,0,0,1,0.236427536163239,0.2608374542109341,1.165279976065434,0
cropped_g0035_mask_0.png,0,0,0,0,0,0,0,0,0,0,0,0,0,1,0.5886675573909875,0.45753849336521,1.0089353095132174,1
cropped_g0037_mask_0.png,0,0,0,0,0,0,0,0,0,0,0,0,0,1,0.3486173956762192,0.2276344173230823,0.8957962062560179,0
cropped_g0034_mask_0.png,0,0,0,0,0,0,0,0,0,0,0,0,0,1,0.6906441904916832,0.3963546153569793,1.0333716018007473,1
cropped_g0030_mask_0.png,0,0,0,0,0,0,0,0,0,0,0,0,0,1,0.50154899492156,0.3080995072881582,1.008663160149564,1
cropped_g0032_mask_0.png,0,0,0,0,0,0,0,0,0,0,0,0,0,1,0.3293753162916425,0.6386103616027556,0.9788426273057714,0
cropped_g0031_mask_0.png,0,0,0,0,0,0,0,0,0,0,0,0,0,1,0.5712606567377364,0.4770318297729575,1.0025780100108423,1
cropped_g0036_mask_0.png,0,0,0,0,0,0,0,0,0,0,0,0,0,1,0.5718288366042503,0.3763431298282922,1.0582346710054071,1
cropped_g0033_mask_0.png,0,0,0,0,0,0,0,0,0,0,0,0,0,1,0.394060493086322,0.398769702798371,0.8883855249536655,0
cropped_n0010_mask_0.png,0,0,0,0,0,0,0,0,0,0,0,0,0,1,0.2284820200751464,0.3540676438066508,0.7834302763685957,0
cropped_n0003_mask_0.png,0,0,0,0,0,0,0,0,0,0,0,0,0,1,0.2257497656982193,0.3391844611724288,0.7497972540394351,0
cropped_n0004_mask_0.png,0,0,0,0,0,0,0,0,0,0,0,0,0,1,0.2082325956233339,0.4535926787383527,1.0037423019165963,0
cropped_n0011_mask_0.png,0,0,0,0,0,0,0,0,0,0,0,0,0,1,0.302659460123453,0.4732294607426272,0.776428488440116,0
cropped_n0005_mask_0.png,0,0,0,0,0,0,0,0,0,0,0,0,0,1,0.2203572197116419,0.2967806610814768,1.0408266260616368,0
cropped_n0008_mask_0.png,0,0,0,0,0,0,0,0,0,0,0,0,0,1,0.2380413246532692,0.2905725153668974,0.902395589476531,0
cropped_n0006_mask_0.png,0,0,0,0,0,0,0,0,0,0,0,0,0,1,0.3096430302051365,0.3317755670866533,1.0085438343142306,0
cropped_n0007_mask_0.png,0,0,0,0,0,0,0,0,0,0,0,0,0,1,0.2112781252917561,0.0541076904267319,0.9767338454081964,0
cropped_n0009_mask_0.png,0,0,0,0,0,0,0,0,0,0,0,0,0,1,0.2462244722841942,0.1618845752087082,0.8915850872137802,0
cropped_n0015_mask_0.png,0,0,0,0,0,0,0,0,0,0,0,0,0,1,0.2666581715397804,0.5567086984568066,0.987436690380735,0
cropped_n0019_mask_0.png,0,0,0,0,0,0,0,0,0,0,0,0,0,1,0.2545922059525459,0.5948056839383953,0.8042602804892792,0
cropped_n0013_mask_0.png,0,0,0,0,0,0,0,0,0,0,0,0,0,1,0.2596172737632127,0.335339542231535,1.1750158168954243,0
cropped_n0021_mask_0.png,0,0,0,0,0,0,0,0,0,0,0,0,0,1,0.2449574295560511,0.4484403904543175,0.7287322298537298,0
cropped_n0020_mask_0.png,0,0,0,0,0,0,0,0,0,0,0,0,0,1,0.2581560283687943,0.4120950907884126,1.145422272504335,0
cropped_n0014_mask_0.png,0,0,0,0,0,0,0,0,0,0,0,0,0,1,0.2465290235602379,0.7912424109987339,0.8994707907852458,0
cropped_n0018_mask_0.png,0,0,0,0,0,0,0,0,0,0,0,0,0,1,0.2551830267451304,0.522830302151148,0.8724762613727924,0
cropped_n0016_mask_0.png,0,0,0,0,0,0,0,0,0,0,0,0,0,1,0.1916370882371256,0.3519319784191443,0.7709834070843824,0
cropped_n0012_mask_0.png,0,0,0,0,0,0,0,0,0,0,0,0,0,1,0.2555902482101744,0.2385530544846788,1.025610056615864,0
cropped_n0017_mask_0.png,0,0,0,0,0,0,0,0,0,0,0,0,0,1,0.2068349419327716,0.1493832009739355,0.9662456919732334,0
cropped_n0027_mask_0.png,0,0,0,0,0,0,0,0,0,0,0,0,0,1,0.2556014701912494,0.3973290418385055,1.1377009862986944,0
cropped_n0030_mask_0.png,0,0,0,0,0,0,0,0,0,0,0,0,0,1,0.2928471781864299,0.2658407415486578,0.7228841341803434,0
cropped_n0024_mask_0.png,0,0,0,0,0,0,0,0,0,0,0,0,0,1,0.2570866646714267,0.1746163854075371,0.9506890560707172,0
cropped_n0031_mask_0.png,0,0,0,0,0,0,0,0,0,0,0,0,0,1,0.2367545537719371,0.280879591394313,0.7358112185176097,0
cropped_n0029_mask_0.png,0,0,0,0,0,0,0,0,0,0,0,0,0,1,0.3639486860860348,0.2212908414883547,0.7541446961488802,0
cropped_n0026_mask_0.png,0,0,0,0,0,0,0,0,0,0,0,0,0,1,0.2734357936845493,0.6005832356951339,0.9589520985058064,0
cropped_n0022_mask_0.png,0,0,0,0,0,0,0,0,0,0,0,0,0,1,0.3209100109465683,0.4902347402833242,0.8580386925951323,0
cropped_n0032_mask_0.png,0,0,0,0,0,0,0,0,0,0,0,0,0,1,0.211326419684917,0.3683636530586855,1.1647349909031726,0
cropped_n0033_mask_0.png,0,0,0,0,0,0,0,0,0,0,0,0,0,1,0.250129224009821,0.5721985322229184,1.1006950366289785,0
cropped_n0028_mask_0.png,0,0,0,0,0,0,0,0,0,0,0,0,0,1,0.2152559086426821,0.38005480558233,1.1677801491595643,0
cropped_n0025_mask_0.png,0,0,0,0,0,0,0,0,0,0,0,0,0,1,0.3125225424379574,0.2514655435419283,1.014723394852231,0
cropped_n0023_mask_0.png,0,0,0,0,0,0,0,0,0,0,0,0,0,1,0.2924531338863195,0.5781139017106586,0.8456085477926146,0
cropped_n0034_mask_0.png,0,0,0,0,0,0,0,0,0,0,0,0,0,1,0.2060911308727473,0.4432830084266415,0.878017617592348,0
cropped_n0040_mask_0.png,0,0,0,0,0,0,0,0,0,0,0,0,0,1,0.2651881188118812,0.2273599054417196,0.9509894603535116,0
cropped_n0037_mask_0.png,0,0,0,0,0,0,0,0,0,0,0,0,0,1,0.2603133586883336,0.3433806973164315,1.0309605601168617,0
cropped_n0035_mask_0.png,0,0,0,0,0,0,0,0,0,0,0,0,0,1,0.2517652140685484,0.2495018720464946,1.1449406114854517,0
cropped_n0038_mask_0.png,0,0,0,0,0,0,0,0,0,0,0,0,0,1,0.2217512802342527,0.1800213227496362,1.155009556197161,0
cropped_n0039_mask_0.png,0,0,0,0,0,0,0,0,0,0,0,0,0,1,0.3047160340887246,0.4963361266527298,0.9417252855924844,0
cropped_n0042_mask_0.png,0,0,0,0,0,0,0,0,0,0,0,0,0,1,0.2594472341513981,0.6310334594369146,0.8266800746048333,0
cropped_n0043_mask_0.png,0,0,0,0,0,0,0,0,0,0,0,0,0,1,0.3989483169367879,0.1778612312809833,0.7107304028364558,0
cropped_n0044_mask_0.png,0,0,0,0,0,0,0,0,0,0,0,0,0,1,0.3099455286605822,0.4465789607032654,1.1074492021189954,0
cropped_n0036_mask_0.png,0,0,0,0,0,0,0,0,0,0,0,0,0,1,0.2976063220584867,0.2803220711508129,0.8152669110903136,0
cropped_n0041_mask_0.png,0,0,0,0,0,0,0,0,0,0,0,0,0,1,0.348019360734715,0.3027228573788689,0.8500979030906662,0
cropped_n0050_mask_0.png,0,0,0,0,0,0,0,0,0,0,0,0,0,1,0.3284918181717464,0.2883017549941184,1.0365414201131538,0
cropped_n0049_mask_0.png,0,0,0,0,0,0,0,0,0,0,0,0,0,1,0.3223257126728761,0.2510947613582555,0.7628438549848026,0
cropped_n0046_mask_0.png,0,0,0,0,0,0,0,0,0,0,0,0,0,1,0.24166383386384,0.3761029989021935,0.7189440193726736,0
cropped_n0053_mask_0.png,0,0,0,0,0,0,0,0,0,0,0,0,0,1,0.2628989987232041,0.25562111502006,1.1057173560555176,0
cropped_n0047_mask_0.png,0,0,0,0,0,0,0,0,0,0,0,0,0,1,0.2365887009715725,0.406506671227676,0.7968291455374338,0
cropped_n0045_mask_0.png,0,0,0,0,0,0,0,0,0,0,0,0,0,1,0.2389501910985082,0.3625735600210793,0.786266029381336,0
cropped_n0051_mask_0.png,0,0,0,0,0,0,0,0,0,0,0,0,0,1,0.1752717391304347,0.3367215313308743,1.0048935082254975,0
cropped_n0052_mask_0.png,0,0,0,0,0,0,0,0,0,0,0,0,0,1,0.2275527709405534,0.245125559741908,0.7203127895031542,0
cropped_n0048_mask_0.png,0,0,0,0,0,0,0,0,0,0,0,0,0,1,0.1997602767713639,0.2904419482733578,1.07243221080154,0
cropped_n0054_mask_0.png,0,0,0,0,0,0,0,0,0,0,0,0,0,1,0.3386536738351254,0.4729395162300769,1.0729568878689129,0
cropped_n0062_mask_0.png,0,0,0,0,0,0,0,0,0,0,0,0,0,1,0.2269638754460576,0.438078235332359,0.7834638038911897,0
cropped_n0057_mask_0.png,0,0,0,0,0,0,0,0,0,0,0,0,0,1,0.2319230585500231,0.2355371701198786,0.9975199209089386,0
cropped_n0066_mask_0.png,0,0,0,0,0,0,0,0,0,0,0,0,0,1,0.2558002864943619,0.383063729799957,1.0419940824794731,0
cropped_n0056_mask_0.png,0,0,0,0,0,0,0,0,0,0,0,0,0,1,0.2169229432716532,0.4723909803504343,0.7608958088284052,0
cropped_n0068_mask_0.png,0,0,0,0,0,0,0,0,0,0,0,0,0,1,0.2244076505852126,0.1407582346111017,0.8549532119379692,0
cropped_n0065_mask_0.png,0,0,0,0,0,0,0,0,0,0,0,0,0,1,0.2190444725350494,0.443892649727574,1.1564349678309132,0
cropped_n0063_mask_0.png,0,0,0,0,0,0,0,0,0,0,0,0,0,1,0.1982311234558877,0.2786807264113016,1.1616138018538686,0
cropped_n0059_mask_0.png,0,0,0,0,0,0,0,0,0,0,0,0,0,1,0.2657013387651478,0.4476241430351294,0.8129390881465938,0
cropped_n0060_mask_0.png,0,0,0,0,0,0,0,0,0,0,0,0,0,1,0.2501980360799318,0.2648943343350506,0.7583185832390383,0
cropped_n0064_mask_0.png,0,0,0,0,0,0,0,0,0,0,0,0,0,1,0.2373175102076785,0.1221987953276112,0.9224111862086308,0
cropped_n0067_mask_0.png,0,0,0,0,0,0,0,0,0,0,0,0,0,1,0.2245908901746519,0.1464931706683095,0.7911582919567749,0
cropped_n0061_mask_0.png,0,0,0,0,0,0,0,0,0,0,0,0,0,1,0.2207200587803086,0.3760431764189549,0.9249889670443036,0
cropped_n0058_mask_0.png,0,0,0,0,0,0,0,0,0,0,0,0,0,1,0.3036976098485405,0.4050361389529872,1.1710709470216731,0
cropped_n0055_mask_0.png,0,0,0,0,0,0,0,0,0,0,0,0,0,1,0.2172326771937414,0.2455703825912356,1.098346467449531,0
cropped_n0069_mask_0.png,0,0,0,0,0,0,0,0,0,0,0,0,0,1,0.241692984587146,0.4569388481251497,0.9345765520219176,0
cropped_n0075_mask_0.png,0,0,0,0,0,0,0,0,0,0,0,0,0,1,0.2351891999938496,0.1418384580841791,1.11002304808287,0
cropped_n0080_mask_0.png,0,0,0,0,0,0,0,0,0,0,0,0,0,1,0.210974082543831,0.3604033520857808,0.8406637126391145,0
cropped_n0077_mask_0.png,0,0,0,0,0,0,0,0,0,0,0,0,0,1,0.2489266360983743,0.2035545443590311,0.8980125624117344,0
cropped_n0078_mask_0.png,0,0,0,0,0,0,0,0,0,0,0,0,0,1,0.2267571587950911,0.2801585641483248,0.834725079295125,0
cropped_n0074_mask_0.png,0,0,0,0,0,0,0,0,0,0,0,0,0,1,0.1993386413252857,0.3759491611797455,1.078674874981442,0
cropped_n0076_mask_0.png,0,0,0,0,0,0,0,0,0,0,0,0,0,1,0.3000979855983958,0.2515848423913164,1.1751757351469916,0
cropped_n0070_mask_0.png,0,0,0,0,0,0,0,0,0,0,0,0,0,1,0.2003327643827364,0.3167742553640313,0.9483371550535956,0
cropped_n0071_mask_0.png,0,0,0,0,0,0,0,0,0,0,0,0,0,1,0.1853839996232989,0.5073113941552956,0.7924237884833838,0
cropped_n0072_mask_0.png,0,0,0,0,0,0,0,0,0,0,0,0,0,1,0.2484273171614772,0.2904254352239612,1.137306456976228,0
cropped_n0082_mask_0.png,0,0,0,0,0,0,0,0,0,0,0,0,0,1,0.2170062178859187,0.4839402130843142,1.088569002582796,0
cropped_n0073_mask_0.png,0,0,0,0,0,0,0,0,0,0,0,0,0,1,0.2641627574143277,0.2146933934901404,0.8182342389303826,0
cropped_n0079_mask_0.png,0,0,0,0,0,0,0,0,0,0,0,0,0,1,0.2820630389445192,0.4420355642997403,1.0322538189786652,0
cropped_n0081_mask_0.png,0,0,0,0,0,0,0,0,0,0,0,0,0,1,0.2067777060705507,0.5669413369108097,1.0877730385888569,0
cropped_n0089_mask_0.png,0,0,0,0,0,0,0,0,0,0,0,0,0,1,0.2141840490797546,0.0308567021852296,1.104743443901058,0
cropped_n0093_mask_0.png,0,0,0,0,0,0,0,0,0,0,0,0,0,1,0.243472973794613,0.26028640850765,0.8974175803241476,0
cropped_n0087_mask_0.png,0,0,0,0,0,0,0,0,0,0,0,0,0,1,0.271449736691555,0.4485109645741338,0.9096866079940712,0
cropped_n0094_mask_0.png,0,0,0,0,0,0,0,0,0,0,0,0,0,1,0.2582712551055422,0.3416399613317775,0.885471006175857,0
cropped_n0084_mask_0.png,0,0,0,0,0,0,0,0,0,0,0,0,0,1,0.1949575003802152,0.4203004130027493,0.8436690879449342,0
cropped_n0088_mask_0.png,0,0,0,0,0,0,0,0,0,0,0,0,0,1,0.2210119991621532,0.2867138277539792,0.9783940225524292,0
cropped_n0083_mask_0.png,0,0,0,0,0,0,0,0,0,0,0,0,0,1,0.1985558867939138,0.3813180880796486,0.9682872078197948,0
cropped_n0095_mask_0.png,0,0,0,0,0,0,0,0,0,0,0,0,0,1,0.2606216359304685,0.3481290885414465,0.7544044054439828,0
cropped_n0091_mask_0.png,0,0,0,0,0,0,0,0,0,0,0,0,0,1,0.2204377725595437,0.5294343668217858,1.018809742015571,0
cropped_n0092_mask_0.png,0,0,0,0,0,0,0,0,0,0,0,0,0,1,0.2226635481683435,0.4043098463821652,0.8617643367206925,0
cropped_n0086_mask_0.png,0,0,0,0,0,0,0,0,0,0,0,0,0,1,0.3144776926100629,0.41570521217413,1.0296388409748636,0
cropped_n0085_mask_0.png,0,0,0,0,0,0,0,0,0,0,0,0,0,1,0.2239318278201865,0.3130313990402333,1.151457066098834,0
cropped_n0090_mask_0.png,0,0,0,0,0,0,0,0,0,0,0,0,0,1,0.2259411627726461,0.3026569853977601,1.0272333510058282,0
cropped_n0096_mask_0.png,0,0,0,0,0,0,0,0,0,0,0,0,0,1,0.220288037765771,0.3101982067665212,0.8137134618685057,0
cropped_n0107_mask_0.png,0,0,0,0,0,0,0,0,0,0,0,0,0,1,0.2436208102262193,0.42349321960995,1.1462441180754857,0
cropped_n0098_mask_0.png,0,0,0,0,0,0,0,0,0,0,0,0,0,1,0.1827033547794117,0.3117837290209101,1.1682164480628745,0
cropped_n0099_mask_0.png,0,0,0,0,0,0,0,0,0,0,0,0,0,1,0.2641954723273264,0.4091531152968066,0.9190231977134188,0
cropped_n0100_mask_0.png,0,0,0,0,0,0,0,0,0,0,0,0,0,1,0.2420134569716159,0.6537722048257139,0.7683806845413779,0
cropped_n0103_mask_0.png,0,0,0,0,0,0,0,0,0,0,0,0,0,1,0.2442229270502945,0.4887942466403262,0.9113539990201548,0
cropped_n0105_mask_0.png,0,0,0,0,0,0,0,0,0,0,0,0,0,1,0.2204191585893998,0.3247927586597849,0.8099998154637479,0
cropped_n0097_mask_0.png,0,0,0,0,0,0,0,0,0,0,0,0,0,1,0.1958736131836761,0.5340143133192975,1.0186779959134755,0
cropped_n0106_mask_0.png,0,0,0,0,0,0,0,0,0,0,0,0,0,1,0.2023750454831133,0.3135521924613876,1.0794819302676042,0
cropped_n0102_mask_0.png,0,0,0,0,0,0,0,0,0,0,0,0,0,1,0.3108735007920344,0.0902461054410207,0.9099567466145214,0
cropped_n0101_mask_0.png,0,0,0,0,0,0,0,0,0,0,0,0,0,1,0.314975485088133,0.2313546135038914,0.9275472077732482,0
cropped_n0104_mask_0.png,0,0,0,0,0,0,0,0,0,0,0,0,0,1,0.2777655008781214,0.1131695804899214,0.8070309465552781,0
cropped_n0120_mask_0.png,0,0,0,0,0,0,0,0,0,0,0,0,0,1,0.2147158371228638,0.3213008017646494,0.8590556025992462,0
cropped_n0115_mask_0.png,0,0,0,0,0,0,0,0,0,0,0,0,0,1,0.2421570704519157,0.3719790504703261,0.8553035060400135,0
cropped_n0111_mask_0.png,0,0,0,0,0,0,0,0,0,0,0,0,0,1,0.2331678278049287,0.599116813397231,0.7520024148388922,0
cropped_n0114_mask_0.png,0,0,0,0,0,0,0,0,0,0,0,0,0,1,0.3024077868852459,0.4142427674111763,1.0567871821837969,0
cropped_n0119_mask_0.png,0,0,0,0,0,0,0,0,0,0,0,0,0,1,0.2823909312180599,0.3394405116520773,0.8949585117522122,0
cropped_n0113_mask_0.png,0,0,0,0,0,0,0,0,0,0,0,0,0,1,0.326039016115352,0.4830789994199007,0.8154389598640975,0
cropped_n0112_mask_0.png,0,0,0,0,0,0,0,0,0,0,0,0,0,1,0.2249837292547998,0.0665447596084553,0.8367682520392601,0
cropped_n0121_mask_0.png,0,0,0,0,0,0,0,0,0,0,0,0,0,1,0.2615323552759239,0.4017335081616641,0.7679612899959165,0
cropped_n0110_mask_0.png,0,0,0,0,0,0,0,0,0,0,0,0,0,1,0.210927086365656,0.4750593487717262,1.0569459773136876,0
cropped_n0116_mask_0.png,0,0,0,0,0,0,0,0,0,0,0,0,0,1,0.2532036898529045,0.1668991959393787,1.007758360846159,0
cropped_n0118_mask_0.png,0,0,0,0,0,0,0,0,0,0,0,0,0,1,0.2547733874834306,0.5261426852552816,1.0542549696204455,0
cropped_n0117_mask_0.png,0,0,0,0,0,0,0,0,0,0,0,0,0,1,0.3021035964713865,0.4158276494582255,0.8132831791168053,0
cropped_n0109_mask_0.png,0,0,0,0,0,0,0,0,0,0,0,0,0,1,0.1788526586388851,0.3125641214764063,1.0214290638735388,0
cropped_n0108_mask_0.png,0,0,0,0,0,0,0,0,0,0,0,0,0,1,0.183945928548439,0.4561428348865468,0.8838107964941582,0
cropped_n0135_mask_0.png,0,0,0,0,0,0,0,0,0,0,0,0,0,1,0.2113402754450789,0.6805259411972276,0.7698613723876278,0
cropped_n0132_mask_0.png,0,0,0,0,0,0,0,0,0,0,0,0,0,1,0.2530033535679415,0.3943703417512603,0.8706438410466373,0
cropped_n0127_mask_0.png,0,0,0,0,0,0,0,0,0,0,0,0,0,1,0.2721278852356845,0.4034604516758394,1.066200722648303,0
cropped_n0131_mask_0.png,0,0,0,0,0,0,0,0,0,0,0,0,0,1,0.1934201111783807,0.3065264103478476,0.7214896270252582,0
cropped_n0130_mask_0.png,0,0,0,0,0,0,0,0,0,0,0,0,0,1,0.1815580180360054,0.2530327257772319,1.0187334820584046,0
cropped_n0125_mask_0.png,0,0,0,0,0,0,0,0,0,0,0,0,0,1,0.3117910447761194,0.4832064355876196,0.9256902017607034,0
cropped_n0129_mask_0.png,0,0,0,0,0,0,0,0,0,0,0,0,0,1,0.2303014075887393,0.2521779610032557,1.0992616061180818,0
cropped_n0133_mask_0.png,0,0,0,0,0,0,0,0,0,0,0,0,0,1,0.2245961502754224,0.3792599598353283,1.0880082136341198,0
cropped_n0123_mask_0.png,0,0,0,0,0,0,0,0,0,0,0,0,0,1,0.2360511781800797,0.3040199028991,1.0635994476260189,0
cropped_n0122_mask_0.png,0,0,0,0,0,0,0,0,0,0,0,0,0,1,0.3096273242102899,0.4350729600595303,0.9891671623716112,0
cropped_n0136_mask_0.png,0,0,0,0,0,0,0,0,0,0,0,0,0,1,0.2379837487949318,0.415165381635582,0.9335203928009774,0
cropped_n0128_mask_0.png,0,0,0,0,0,0,0,0,0,0,0,0,0,1,0.2695361325864543,0.5115920475362778,0.7563258666510249,0
cropped_n0124_mask_0.png,0,0,0,0,0,0,0,0,0,0,0,0,0,1,0.2291910604286514,0.2995869378456681,0.898291118214047,0
cropped_n0134_mask_0.png,0,0,0,0,0,0,0,0,0,0,0,0,0,1,0.2071719443262626,0.3324847496443609,0.9264306798997072,0
cropped_n0126_mask_0.png,0,0,0,0,0,0,0,0,0,0,0,0,0,1,0.2383531960996749,0.2353716174893657,1.016052857098792,0
cropped_n0138_mask_0.png,0,0,0,0,0,0,0,0,0,0,0,0,0,1,0.2469383431033265,0.3085905785260136,1.1172751630816349,0
cropped_n0142_mask_0.png,0,0,0,0,0,0,0,0,0,0,0,0,0,1,0.2017729060620083,0.4211435556933535,0.7419754603666832,0
cropped_n0137_mask_0.png,0,0,0,0,0,0,0,0,0,0,0,0,0,1,0.2317177167941172,0.4731583483375051,1.179510259473077,0
cropped_n0143_mask_0.png,0,0,0,0,0,0,0,0,0,0,0,0,0,1,0.2959279015032347,0.2431252274137245,0.9694060849689914,0
cropped_n0145_mask_0.png,0,0,0,0,0,0,0,0,0,0,0,0,0,1,0.2182543868903189,0.4885861832460177,0.9547077897495552,0
cropped_n0141_mask_0.png,0,0,0,0,0,0,0,0,0,0,0,0,0,1,0.2262684069160064,0.5551693838743275,1.034773922579856,0
cropped_n0140_mask_0.png,0,0,0,0,0,0,0,0,0,0,0,0,0,1,0.3451505936645222,0.4260937338420626,1.0548088783718688,0
cropped_n0139_mask_0.png,0,0,0,0,0,0,0,0,0,0,0,0,0,1,0.3101288065151955,0.6265646191064967,1.087230501077875,0
cropped_n0144_mask_0.png,0,0,0,0,0,0,0,0,0,0,0,0,0,1,0.2476230398414724,0.2634517872910358,1.112752129485824,0
cropped_n0154_mask_0.png,0,0,0,0,0,0,0,0,0,0,0,0,0,1,0.2319334797029009,0.1989462891142616,1.055156748511941,0
cropped_n0146_mask_0.png,0,0,0,0,0,0,0,0,0,0,0,0,0,1,0.181386939710726,0.1257827981180902,0.87506362016662,0
cropped_n0158_mask_0.png,0,0,0,0,0,0,0,0,0,0,0,0,0,1,0.2182172989726224,0.5744041506956241,0.7905547464111431,0
cropped_n0156_mask_0.png,0,0,0,0,0,0,0,0,0,0,0,0,0,1,0.2589925352086193,0.4590996731557206,0.8808051285982668,0
cropped_n0153_mask_0.png,0,0,0,0,0,0,0,0,0,0,0,0,0,1,0.2386601201782365,0.3618411160269599,1.01540927346431,0
cropped_n0152_mask_0.png,0,0,0,0,0,0,0,0,0,0,0,0,0,1,0.2092881465120559,0.4078097257664064,1.082708020452212,0
cropped_n0149_mask_0.png,0,0,0,0,0,0,0,0,0,0,0,0,0,1,0.210953227918613,0.2152712055457916,0.8581972563781418,0
cropped_n0155_mask_0.png,0,0,0,0,0,0,0,0,0,0,0,0,0,1,0.2484123558789074,0.7045078973226755,1.117614638360091,0
cropped_n0157_mask_0.png,0,0,0,0,0,0,0,0,0,0,0,0,0,1,0.268228472929562,0.3871583106395272,0.9045191095607614,0
cropped_n0147_mask_0.png,0,0,0,0,0,0,0,0,0,0,0,0,0,1,0.2786017738689722,0.384442225084437,0.9696986950113312,0
cropped_n0150_mask_0.png,0,0,0,0,0,0,0,0,0,0,0,0,0,1,0.1582035177365364,0.4688811392869437,0.8987716175370764,0
cropped_n0159_mask_0.png,0,0,0,0,0,0,0,0,0,0,0,0,0,1,0.1554653170119271,0.4353509754232356,0.7367478097676603,0
cropped_n0151_mask_0.png,0,0,0,0,0,0,0,0,0,0,0,0,0,1,0.223372381299275,0.4001265016560162,1.1013851584929653,0
cropped_n0148_mask_0.png,0,0,0,0,0,0,0,0,0,0,0,0,0,1,0.183323135495275,0.2611660161676197,1.0778529508520442,0
cropped_n0160_mask_0.png,0,0,0,0,0,0,0,0,0,0,0,0,0,1,0.2144655659561381,0.4340439379281088,1.0882659873383018,0
cropped_n0170_mask_0.png,0,0,0,0,0,0,0,0,0,0,0,0,0,1,0.2716025641025641,0.6272809146470679,0.8028123996745509,0
cropped_n0165_mask_0.png,0,0,0,0,0,0,0,0,0,0,0,0,0,1,0.2030839796010742,0.5537696102885086,1.0349178757751372,0
cropped_n0167_mask_0.png,0,0,0,0,0,0,0,0,0,0,0,0,0,1,0.2968552260944113,0.587712013295055,0.8272524232405939,0
cropped_n0164_mask_0.png,0,0,0,0,0,0,0,0,0,0,0,0,0,1,0.2402263030481362,0.2994226446519025,0.762760901933778,0
cropped_n0169_mask_0.png,0,0,0,0,0,0,0,0,0,0,0,0,0,1,0.1961411819074577,0.2338864569949588,0.9078920816032764,0
cropped_n0172_mask_0.png,0,0,0,0,0,0,0,0,0,0,0,0,0,1,0.1717260052807722,0.3522238664798789,0.8227145887525051,0
cropped_n0161_mask_0.png,0,0,0,0,0,0,0,0,0,0,0,0,0,1,0.3937337765836331,0.3770898018022952,0.8401055635723546,0
cropped_n0173_mask_0.png,0,0,0,0,0,0,0,0,0,0,0,0,0,1,0.2239540607054963,0.5193529431305709,1.0016915430551774,0
cropped_n0163_mask_0.png,0,0,0,0,0,0,0,0,0,0,0,0,0,1,0.3663083492858194,0.1375992544875638,0.9868861891451708,0
cropped_n0171_mask_0.png,0,0,0,0,0,0,0,0,0,0,0,0,0,1,0.2263785418405758,0.5789942549117912,0.8399848592125171,0
cropped_n0166_mask_0.png,0,0,0,0,0,0,0,0,0,0,0,0,0,1,0.2607991200166483,0.3478098029097525,1.0358578577456057,0
cropped_n0162_mask_0.png,0,0,0,0,0,0,0,0,0,0,0,0,0,1,0.323710155179274,0.3109759348295924,0.791857364788164,0
cropped_n0168_mask_0.png,0,0,0,0,0,0,0,0,0,0,0,0,0,1,0.2197123068726691,0.2308041649366889,1.0855027823600307,0
cropped_n0183_mask_0.png,0,0,0,0,0,0,0,0,0,0,0,0,0,1,0.2405712342740564,0.1427512990412317,1.1712360459732485,0
cropped_n0180_mask_0.png,0,0,0,0,0,0,0,0,0,0,0,0,0,1,0.2204379133852494,0.4822248455302776,0.7669100095120126,0
cropped_n0175_mask_0.png,0,0,0,0,0,0,0,0,0,0,0,0,0,1,0.2395621579358874,0.3794999353980155,0.8746088576904196,0
cropped_n0179_mask_0.png,0,0,0,0,0,0,0,0,0,0,0,0,0,1,0.2150413037790154,0.1927396361633193,1.1439495653472116,0
cropped_n0176_mask_0.png,0,0,0,0,0,0,0,0,0,0,0,0,0,1,0.1829583706996269,0.1920385210873118,0.9608362242844056,0
cropped_n0187_mask_0.png,0,0,0,0,0,0,0,0,0,0,0,0,0,1,0.1759779497508745,0.3234555425282504,0.8926355879104573,0
cropped_n0178_mask_0.png,0,0,0,0,0,0,0,0,0,0,0,0,0,1,0.2253261256595345,0.5981008990233326,1.1638822623041862,0
cropped_n0182_mask_0.png,0,0,0,0,0,0,0,0,0,0,0,0,0,1,0.1517859759134995,0.3338935334658647,0.8876105418525617,0
cropped_n0181_mask_0.png,0,0,0,0,0,0,0,0,0,0,0,0,0,1,0.2459082352603066,0.163535087449204,1.1456008149175338,0
cropped_n0185_mask_0.png,0,0,0,0,0,0,0,0,0,0,0,0,0,1,0.2312505332612838,0.3357906583598265,0.9157604182986004,0
cropped_n0177_mask_0.png,0,0,0,0,0,0,0,0,0,0,0,0,0,1,0.208933950957209,0.3320945053326498,0.7370358921721571,0
cropped_n0174_mask_0.png,0,0,0,0,0,0,0,0,0,0,0,0,0,1,0.2196533078172634,0,0.7086959742602006,0
cropped_n0186_mask_0.png,0,0,0,0,0,0,0,0,0,0,0,0,0,1,0.2232468643101482,0.3620178108031847,1.070683873994296,0
cropped_n0184_mask_0.png,0,0,0,0,0,0,0,0,0,0,0,0,0,1,0.2814583611654259,0.3378193307651829,0.8593228881525937,0
cropped_n0194_mask_0.png,0,0,0,0,0,0,0,0,0,0,0,0,0,1,0.1781228626500031,0.4648315768928202,0.7870032146512531,0
cropped_n0195_mask_0.png,0,0,0,0,0,0,0,0,0,0,0,0,0,1,0.2210180765205923,0.6227507596547824,1.1204483623746355,0
cropped_n0191_mask_0.png,0,0,0,0,0,0,0,0,0,0,0,0,0,1,0.2027932116898595,0.5237879026701406,0.8956053898392291,0
cropped_n0189_mask_0.png,0,0,0,0,0,0,0,0,0,0,0,0,0,1,0.1935319123368332,0.3326198587309583,0.7482216121940598,0
cropped_n0197_mask_0.png,0,0,0,0,0,0,0,0,0,0,0,0,0,1,0.2579551713910427,0.2178690316525339,0.8906539919828119,0
cropped_n0196_mask_0.png,0,0,0,0,0,0,0,0,0,0,0,0,0,1,0.2608100416865357,0.7219893355702084,1.0205331417201298,0
cropped_n0188_mask_0.png,0,0,0,0,0,0,0,0,0,0,0,0,0,1,0.1688614262560778,0.377568391457515,0.8241771010265603,0
cropped_n0193_mask_0.png,0,0,0,0,0,0,0,0,0,0,0,0,0,1,0.2179951134058639,0.3713640748381154,1.0930238528437473,0
cropped_n0190_mask_0.png,0,0,0,0,0,0,0,0,0,0,0,0,0,1,0.2019204730095685,0.3661508734998419,0.7745307839685471,0
cropped_n0192_mask_0.png,0,0,0,0,0,0,0,0,0,0,0,0,0,1,0.1835815954981794,0.39659217108706,1.1310000712778834,0
cropped_n0202_mask_0.png,0,0,0,0,0,0,0,0,0,0,0,0,0,1,0.2679637353580259,0.3496794194301339,1.0284573245515831,0
cropped_n0208_mask_0.png,0,0,0,0,0,0,0,0,0,0,0,0,0,1,0.2663241007645068,0.2908679053071628,1.1205224578862805,0
cropped_n0203_mask_0.png,0,0,0,0,0,0,0,0,0,0,0,0,0,1,0.3044529653034776,0.2945397502104577,0.9850084004036304,0
cropped_n0207_mask_0.png,0,0,0,0,0,0,0,0,0,0,0,0,0,1,0.2310799704690133,0.3649688687773916,1.1738424966249554,0
cropped_n0198_mask_0.png,0,0,0,0,0,0,0,0,0,0,0,0,0,1,0.2557788834096512,0.2950102090815624,1.0652363423041264,0
cropped_n0211_mask_0.png,0,0,0,0,0,0,0,0,0,0,0,0,0,1,0.2170311957546,0.2718006372323661,0.8784947953199372,0
cropped_n0200_mask_0.png,0,0,0,0,0,0,0,0,0,0,0,0,0,1,0.2879361433655169,0.3840360987832061,0.806080663638732,0
cropped_n0206_mask_0.png,0,0,0,0,0,0,0,0,0,0,0,0,0,1,0.2219932335842943,0.3345256396744776,1.0833032666912887,0
cropped_n0199_mask_0.png,0,0,0,0,0,0,0,0,0,0,0,0,0,1,0.2524806336495778,0.5754930675331942,0.8146787022273896,0
cropped_n0204_mask_0.png,0,0,0,0,0,0,0,0,0,0,0,0,0,1,0.2730821477085865,0.006290306384279,1.1743857003667515,0
cropped_n0201_mask_0.png,0,0,0,0,0,0,0,0,0,0,0,0,0,1,0.236721193708188,0.518985161350846,1.1484329524994743,0
cropped_n0209_mask_0.png,0,0,0,0,0,0,0,0,0,0,0,0,0,1,0.2478255637123508,0.5401613842362221,1.0022194852648345,0
cropped_n0205_mask_0.png,0,0,0,0,0,0,0,0,0,0,0,0,0,1,0.2518073861411979,0.0854149352914499,0.792390760684028,0
cropped_n0210_mask_0.png,0,0,0,0,0,0,0,0,0,0,0,0,0,1,0.2415677511421839,0.3225098910347223,1.0841359065732463,0
cropped_n0222_mask_0.png,0,0,0,0,0,0,0,0,0,0,0,0,0,1,0.2954497028812235,0.3185708806112719,0.8628322773163475,0
cropped_n0214_mask_0.png,0,0,0,0,0,0,0,0,0,0,0,0,0,1,0.2815386575499543,0.1766359451447792,0.8287643912765729,0
cropped_n0215_mask_0.png,0,0,0,0,0,0,0,0,0,0,0,0,0,1,0.3076710152601935,0.2629000476775942,0.8057111928900308,0
cropped_n0217_mask_0.png,0,0,0,0,0,0,0,0,0,0,0,0,0,1,0.2503258119745483,0.2173142167772846,0.9899552295142404,0
cropped_n0225_mask_0.png,0,0,0,0,0,0,0,0,0,0,0,0,0,1,0.3118369838968175,0.609505456989328,0.8814097239018116,0
cropped_n0219_mask_0.png,0,0,0,0,0,0,0,0,0,0,0,0,0,1,0.247087243333643,0.4976376804384124,0.8037769293198078,0
cropped_n0218_mask_0.png,0,0,0,0,0,0,0,0,0,0,0,0,0,1,0.3321433591004919,0.5436505944976883,1.064806526798155,0
cropped_n0212_mask_0.png,0,0,0,0,0,0,0,0,0,0,0,0,0,1,0.1473770080321285,0.4683202113342044,0.7357828189709147,0
cropped_n0221_mask_0.png,0,0,0,0,0,0,0,0,0,0,0,0,0,1,0.3141167870105552,0.2147831356421818,1.0482779380974756,0
cropped_n0223_mask_0.png,0,0,0,0,0,0,0,0,0,0,0,0,0,1,0.2436283741368487,0.2976000027540538,0.8362702921699052,0
cropped_n0216_mask_0.png,0,0,0,0,0,0,0,0,0,0,0,0,0,1,0.279259288096443,0.4364969709175346,1.130201813619209,0
cropped_n0224_mask_0.png,0,0,0,0,0,0,0,0,0,0,0,0,0,1,0.3483509294061806,0.2020323264941886,0.7874874320952036,0
cropped_n0220_mask_0.png,0,0,0,0,0,0,0,0,0,0,0,0,0,1,0.3281153478968945,0.4671319801538737,1.131090179369899,0
cropped_n0213_mask_0.png,0,0,0,0,0,0,0,0,0,0,0,0,0,1,0.2216210515213837,0.3365328432013698,1.1294155359900435,0
cropped_n0234_mask_0.png,0,0,0,0,0,0,0,0,0,0,0,0,0,1,0.2308129942538544,0.318107850697659,0.7269153910722607,0
cropped_n0227_mask_0.png,0,0,0,0,0,0,0,0,0,0,0,0,0,1,0.2859647892263449,0.4668527241802612,1.1097573317564953,0
cropped_n0233_mask_0.png,0,0,0,0,0,0,0,0,0,0,0,0,0,1,0.2554209660535367,0.4303170243893382,0.985529504009678,0
cropped_n0229_mask_0.png,0,0,0,0,0,0,0,0,0,0,0,0,0,1,0.2969864139205962,0.3200058461101522,0.966148796966897,0
cropped_n0226_mask_0.png,0,0,0,0,0,0,0,0,0,0,0,0,0,1,0.2709400830996462,0.5282764626491472,0.995816605518001,0
cropped_n0232_mask_0.png,0,0,0,0,0,0,0,0,0,0,0,0,0,1,0.2044025932408115,0.2213572389362248,1.043009764189022,0
cropped_n0236_mask_0.png,0,0,0,0,0,0,0,0,0,0,0,0,0,1,0.2190039591581579,0.453835007428493,1.061385875198628,0
cropped_n0237_mask_0.png,0,0,0,0,0,0,0,0,0,0,0,0,0,1,0.2834599093722603,0.4507068507827657,0.7780708274003554,0
cropped_n0230_mask_0.png,0,0,0,0,0,0,0,0,0,0,0,0,0,1,0.4362374855452187,0.3270500127451755,0.751742379566129,0
cropped_n0235_mask_0.png,0,0,0,0,0,0,0,0,0,0,0,0,0,1,0.2139712066491861,0.4141339464417083,0.7834727781662094,0
cropped_n0228_mask_0.png,0,0,0,0,0,0,0,0,0,0,0,0,0,1,0.3705431274138478,0.1980614656953269,1.0108400522192449,0
cropped_n0231_mask_0.png,0,0,0,0,0,0,0,0,0,0,0,0,0,1,0.3522970333860318,0.4960415183204333,0.9738822828530722,0
cropped_n0244_mask_0.png,0,0,0,0,0,0,0,0,0,0,0,0,0,1,0.2884394136203377,0.3441254680073253,1.0563476402414174,0
cropped_n0239_mask_0.png,0,0,0,0,0,0,0,0,0,0,0,0,0,1,0.2404925356870437,0.2978462136828779,0.7568978033428664,0
cropped_n0242_mask_0.png,0,0,0,0,0,0,0,0,0,0,0,0,0,1,0.2693210316821204,0.5131632641902291,0.9650660003747888,0
cropped_n0243_mask_0.png,0,0,0,0,0,0,0,0,0,0,0,0,0,1,0.2539673638759603,0.2729653683153901,0.9464452382535882,0
cropped_n0249_mask_0.png,0,0,0,0,0,0,0,0,0,0,0,0,0,1,0.2714902325143777,0.1765058559225269,0.8841436657071718,0
cropped_n0246_mask_0.png,0,0,0,0,0,0,0,0,0,0,0,0,0,1,0.2125088303562418,0.156207824649027,0.7611545553521653,0
cropped_n0250_mask_0.png,0,0,0,0,0,0,0,0,0,0,0,0,0,1,0.2363584386501971,0.452475257450211,1.1194268404662353,0
cropped_n0240_mask_0.png,0,0,0,0,0,0,0,0,0,0,0,0,0,1,0.2238102928509905,0.1940453958716118,0.777931039545938,0
cropped_n0248_mask_0.png,0,0,0,0,0,0,0,0,0,0,0,0,0,1,0.3159678102498941,0.609851192685984,0.944945008029184,0
cropped_n0245_mask_0.png,0,0,0,0,0,0,0,0,0,0,0,0,0,1,0.3942831169099492,0.0842451240329306,0.9405100483006592,0
cropped_n0247_mask_0.png,0,0,0,0,0,0,0,0,0,0,0,0,0,1,0.2908651864067377,0.6018592932980108,1.1245410762416097,0
cropped_n0238_mask_0.png,0,0,0,0,0,0,0,0,0,0,0,0,0,1,0.2011351023058074,0.3983638673865199,1.0537053332522104,0
cropped_n0241_mask_0.png,0,0,0,0,0,0,0,0,0,0,0,0,0,1,0.2965495759532203,0.356206788284438,0.7966418629622201,0
cropped_n0254_mask_0.png,0,0,0,0,0,0,0,0,0,0,0,0,0,1,0.2431364054800454,0.2948054975955865,1.0280258115502472,0
cropped_n0263_mask_0.png,0,0,0,0,0,0,0,0,0,0,0,0,0,1,0.3573389066552514,0.4241348931726006,1.1541327043698473,0
cropped_n0257_mask_0.png,0,0,0,0,0,0,0,0,0,0,0,0,0,1,0.2932921061177235,0.3643001444524322,0.8237860539937482,0
cropped_n0259_mask_0.png,0,0,0,0,0,0,0,0,0,0,0,0,0,1,0.2913565739652696,0.5206010034234297,0.7289771336821335,0
cropped_n0255_mask_0.png,0,0,0,0,0,0,0,0,0,0,0,0,0,1,0.260019427819384,0.3851042945199468,1.0431317939282558,0
cropped_n0256_mask_0.png,0,0,0,0,0,0,0,0,0,0,0,0,0,1,0.2640153330138955,0.3900462123216203,0.7385292177241197,0
cropped_n0264_mask_0.png,0,0,0,0,0,0,0,0,0,0,0,0,0,1,0.2240233689383682,0.3196433550392018,1.0425631399241142,0
cropped_n0251_mask_0.png,0,0,0,0,0,0,0,0,0,0,0,0,0,1,0.2843181652180264,0.3616546743822458,0.7234654378327173,0
cropped_n0261_mask_0.png,0,0,0,0,0,0,0,0,0,0,0,0,0,1,0.3022347104535277,0.4116226844805257,0.9294104818778416,0
cropped_n0253_mask_0.png,0,0,0,0,0,0,0,0,0,0,0,0,0,1,0.2468619722149648,0.1351739546132697,1.1741313414277987,0
cropped_n0252_mask_0.png,0,0,0,0,0,0,0,0,0,0,0,0,0,1,0.2795686013382965,0.1847632569474419,0.9482560357987884,0
cropped_n0258_mask_0.png,0,0,0,0,0,0,0,0,0,0,0,0,0,1,0.2792920020712705,0.4712781783927966,0.8669029861943035,0
cropped_n0260_mask_0.png,0,0,0,0,0,0,0,0,0,0,0,0,0,1,0.3046034074241228,0.3928633016939287,1.157711384373224,0
cropped_n0262_mask_0.png,0,0,0,0,0,0,0,0,0,0,0,0,0,1,0.3391097700995968,0.3442513376176931,0.767793842345119,0
cropped_n0268_mask_0.png,0,0,0,0,0,0,0,0,0,0,0,0,0,1,0.1997046199289241,0.3719811812497117,1.1559772753717923,0
cropped_n0274_mask_0.png,0,0,0,0,0,0,0,0,0,0,0,0,0,1,0.3092483334610375,0.4170722759168949,0.814312631714441,0
cropped_n0271_mask_0.png,0,0,0,0,0,0,0,0,0,0,0,0,0,1,0.3392743068864188,0.2955123025825272,0.7662732359507046,0
cropped_n0276_mask_0.png,0,0,0,0,0,0,0,0,0,0,0,0,0,1,0.2386890034551538,0.2628331896855039,1.023591344088478,0
cropped_n0278_mask_0.png,0,0,0,0,0,0,0,0,0,0,0,0,0,1,0.2897933906077057,0.3962853734396781,0.8220091891106268,0
cropped_n0267_mask_0.png,0,0,0,0,0,0,0,0,0,0,0,0,0,1,0.2323506486275819,0.2354251734645031,0.7601406216531278,0
cropped_n0273_mask_0.png,0,0,0,0,0,0,0,0,0,0,0,0,0,1,0.2607009788443322,0.4253838134853553,0.811811575659545,0
cropped_n0269_mask_0.png,0,0,0,0,0,0,0,0,0,0,0,0,0,1,0.2721224624324027,0.1362130210794834,0.7235444871006187,0
cropped_n0266_mask_0.png,0,0,0,0,0,0,0,0,0,0,0,0,0,1,0.2198440739334832,0.5104434522565239,0.8100825263875008,0
cropped_n0265_mask_0.png,0,0,0,0,0,0,0,0,0,0,0,0,0,1,0.2207161336489238,0.4341986207151235,1.1040333601793242,0
cropped_n0272_mask_0.png,0,0,0,0,0,0,0,0,0,0,0,0,0,1,0.2665860158496388,0.4045302539409192,1.0246384772121588,0
cropped_n0275_mask_0.png,0,0,0,0,0,0,0,0,0,0,0,0,0,1,0.2238606055621482,0.5040780982709123,1.0087081356059664,0
cropped_n0270_mask_0.png,0,0,0,0,0,0,0,0,0,0,0,0,0,1,0.304021623194027,0.5976149721211443,0.7668265303557554,0
cropped_n0277_mask_0.png,0,0,0,0,0,0,0,0,0,0,0,0,0,1,0.2640897575099529,0.5084179254362285,0.797645576872566,0
cropped_n0287_mask_0.png,0,0,0,0,0,0,0,0,0,0,0,0,0,1,0.342096610484482,0.117268108542576,1.1362801225710646,0
cropped_n0286_mask_0.png,0,0,0,0,0,0,0,0,0,0,0,0,0,1,0.3031313747971232,0.1941621671526543,0.8860325456163548,0
cropped_n0282_mask_0.png,0,0,0,0,0,0,0,0,0,0,0,0,0,1,0.2732506530726115,0.283859789282573,0.8180296311992448,0
cropped_n0284_mask_0.png,0,0,0,0,0,0,0,0,0,0,0,0,0,1,0.2730492313679704,0.3730301562789943,1.096007491219705,0
cropped_n0285_mask_0.png,0,0,0,0,0,0,0,0,0,0,0,0,0,1,0.3246345673349669,0.4403717570671041,1.1714284670969677,0
cropped_n0279_mask_0.png,0,0,0,0,0,0,0,0,0,0,0,0,0,1,0.3461843757849786,0.2700336913126969,1.0299292214213254,0
cropped_n0280_mask_0.png,0,0,0,0,0,0,0,0,0,0,0,0,0,1,0.3265973382496975,0.3950416795293324,1.0879784741314693,0
cropped_n0281_mask_0.png,0,0,0,0,0,0,0,0,0,0,0,0,0,1,0.2009207401108406,0.2659733255980243,1.179923329702017,0
cropped_n0283_mask_0.png,0,0,0,0,0,0,0,0,0,0,0,0,0,1,0.2152456666937075,0.2856819085304983,0.9768868396052708,0
cropped_n0288_mask_0.png,0,0,0,0,0,0,0,0,0,0,0,0,0,1,0.3144264163229867,0.1767524714964364,1.0560200732121832,0
cropped_n0293_mask_0.png,0,0,0,0,0,0,0,0,0,0,0,0,0,1,0.250236451031963,0.2429789290849991,1.0524437522849903,0
cropped_n0302_mask_0.png,0,0,0,0,0,0,0,0,0,0,0,0,0,1,0.1989343487260739,0.1842838916646862,0.7284185876893297,0
cropped_n0294_mask_0.png,0,0,0,0,0,0,0,0,0,0,0,0,0,1,0.2714096038946669,0.2357675920118782,0.9812687256441198,0
cropped_n0291_mask_0.png,0,0,0,0,0,0,0,0,0,0,0,0,0,1,0.1856012422975897,0.5137978961238681,0.7456280763375198,0
cropped_n0296_mask_0.png,0,0,0,0,0,0,0,0,0,0,0,0,0,1,0.2978179699706061,0.2393944069576549,0.7477975341597487,0
cropped_n0297_mask_0.png,0,0,0,0,0,0,0,0,0,0,0,0,0,1,0.2456360751124041,0.7300749998484372,1.0876314417017972,0
cropped_n0290_mask_0.png,0,0,0,0,0,0,0,0,0,0,0,0,0,1,0.1673049155628099,0.43703718269037,0.9892959583757688,0
cropped_n0292_mask_0.png,0,0,0,0,0,0,0,0,0,0,0,0,0,1,0.2067458900732731,0.3947771943539614,1.0916341990313814,0
cropped_n0299_mask_0.png,0,0,0,0,0,0,0,0,0,0,0,0,0,1,0.242812738113956,0.2518664441224095,1.0301446244582326,0
cropped_n0289_mask_0.png,0,0,0,0,0,0,0,0,0,0,0,0,0,1,0.3666241034881917,0.4653937315864591,0.8403283376061879,0
cropped_n0300_mask_0.png,0,0,0,0,0,0,0,0,0,0,0,0,0,1,0.2060897987269912,0.2905972309620976,0.9706876816826004,0
cropped_n0298_mask_0.png,0,0,0,0,0,0,0,0,0,0,0,0,0,1,0.2646077547339946,0.3861704004231453,1.1104853003188444,0
cropped_n0295_mask_0.png,0,0,0,0,0,0,0,0,0,0,0,0,0,1,0.2173764388557535,0.7201707109876474,1.0242699397396475,0
cropped_n0301_mask_0.png,0,0,0,0,0,0,0,0,0,0,0,0,0,1,0.2369579372314103,0.3562962740813369,1.0665992746327462,0
cropped_n0303_mask_0.png,0,0,0,0,0,0,0,0,0,0,0,0,0,1,0.2926110285086302,0.5268987909826955,1.063017579603801,0
cropped_n0309_mask_0.png,0,0,0,0,0,0,0,0,0,0,0,0,0,1,0.1922582268571588,0.2731252760524126,0.8363945290000278,0
cropped_n0304_mask_0.png,0,0,0,0,0,0,0,0,0,0,0,0,0,1,0.2416628228782288,0.3646626582003374,0.8977797712087969,0
cropped_n0316_mask_0.png,0,0,0,0,0,0,0,0,0,0,0,0,0,1,0.3523934975900368,0.6120439722750253,1.0911977209246106,0
cropped_n0311_mask_0.png,0,0,0,0,0,0,0,0,0,0,0,0,0,1,0.2203767075647553,0.2835654615447698,0.8054144481394766,0
cropped_n0310_mask_0.png,0,0,0,0,0,0,0,0,0,0,0,0,0,1,0.2416800362005841,0.6177494655760701,0.9874637319094416,0
cropped_n0312_mask_0.png,0,0,0,0,0,0,0,0,0,0,0,0,0,1,0.2968549161256732,0.4664132446500579,1.0513104012668653,0
cropped_n0307_mask_0.png,0,0,0,0,0,0,0,0,0,0,0,0,0,1,0.2683353630419617,0.2924015788200885,0.902214284385514,0
cropped_n0308_mask_0.png,0,0,0,0,0,0,0,0,0,0,0,0,0,1,0.3186389498901976,0.4560915819245538,1.0257116852923445,0
cropped_n0314_mask_0.png,0,0,0,0,0,0,0,0,0,0,0,0,0,1,0.2354678195611387,0.5026894592855206,1.0777466050612134,0
cropped_n0305_mask_0.png,0,0,0,0,0,0,0,0,0,0,0,0,0,1,0.210790614976153,0.4546397557270232,0.8964791790594006,0
cropped_n0315_mask_0.png,0,0,0,0,0,0,0,0,0,0,0,0,0,1,0.207938593458267,0.1543453236088726,0.9462476796115852,0
cropped_n0306_mask_0.png,0,0,0,0,0,0,0,0,0,0,0,0,0,1,0.2753357682119978,0.2698428097287699,0.9085899425489746,0
cropped_n0313_mask_0.png,0,0,0,0,0,0,0,0,0,0,0,0,0,1,0.270505045483919,0.3355474166678552,1.0591303999238957,0
cropped_n0323_mask_0.png,0,0,0,0,0,0,0,0,0,0,0,0,0,1,0.2671493147477803,0.3592589592833296,0.90470641384566,0
cropped_n0318_mask_0.png,0,0,0,0,0,0,0,0,0,0,0,0,0,1,0.2671197160591431,0.4544838757007405,1.056071333683147,0
cropped_n0327_mask_0.png,0,0,0,0,0,0,0,0,0,0,0,0,0,1,0.302188385141352,0.3937997291453665,0.9820399556591972,0
cropped_n0317_mask_0.png,0,0,0,0,0,0,0,0,0,0,0,0,0,1,0.3099047818901975,0.1865223987491906,0.9125024487930506,0
cropped_n0328_mask_0.png,0,0,0,0,0,0,0,0,0,0,0,0,0,1,0.2834708241882994,0.4215404748072145,0.975252995491492,0
cropped_n0324_mask_0.png,0,0,0,0,0,0,0,0,0,0,0,0,0,1,0.2056570805470525,0.453102111328652,0.911477727133611,0
cropped_n0329_mask_0.png,0,0,0,0,0,0,0,0,0,0,0,0,0,1,0.3251905904221248,0.44614348740845,0.977770656734953,0
cropped_n0325_mask_0.png,0,0,0,0,0,0,0,0,0,0,0,0,0,1,0.274146662730225,0.5175157521062071,1.0350258108210355,0
cropped_n0321_mask_0.png,0,0,0,0,0,0,0,0,0,0,0,0,0,1,0.2523015806288885,0.4836977404667272,0.828839065210199,0
cropped_n0320_mask_0.png,0,0,0,0,0,0,0,0,0,0,0,0,0,1,0.2212907646517205,0.4323605241271865,1.1031777100265772,0
cropped_n0326_mask_0.png,0,0,0,0,0,0,0,0,0,0,0,0,0,1,0.288461270888119,0.3598436087216006,1.1283754631922682,0
cropped_n0319_mask_0.png,0,0,0,0,0,0,0,0,0,0,0,0,0,1,0.1969701135520057,0.1419150550708619,0.7422048053292137,0
cropped_n0322_mask_0.png,0,0,0,0,0,0,0,0,0,0,0,0,0,1,0.1691728674274467,0.4283107424050724,0.923995216974136,0
cropped_n0335_mask_0.png,0,0,0,0,0,0,0,0,0,0,0,0,0,1,0.3015588665920248,0.397907709272689,0.895716323168991,0
cropped_n0330_mask_0.png,0,0,0,0,0,0,0,0,0,0,0,0,0,1,0.1899059125540207,0.4066603794621343,0.7897844886405762,0
cropped_n0331_mask_0.png,0,0,0,0,0,0,0,0,0,0,0,0,0,1,0.2609145981621322,0.1945496382317748,0.8931896834681293,0
cropped_n0336_mask_0.png,0,0,0,0,0,0,0,0,0,0,0,0,0,1,0.2556810631229236,0.2213581687371419,0.7491803713291203,0
cropped_n0337_mask_0.png,0,0,0,0,0,0,0,0,0,0,0,0,0,1,0.2112793278376664,0.5137309140891934,0.9407426586655786,0
cropped_n0333_mask_0.png,0,0,0,0,0,0,0,0,0,0,0,0,0,1,0.2990498179557765,0.3640370551515046,0.9454046972906824,0
cropped_n0334_mask_0.png,0,0,0,0,0,0,0,0,0,0,0,0,0,1,0.3242560701028418,0.4628169965172918,0.7575151647851714,0
cropped_n0332_mask_0.png,0,0,0,0,0,0,0,0,0,0,0,0,0,1,0.215993891722131,0.3733352853801147,0.868692770177743,0
cropped_n0350_mask_0.png,0,0,0,0,0,0,0,0,0,0,0,0,0,1,0.2315017676641936,0.3735322495690586,1.0970441767529375,0
cropped_n0346_mask_0.png,0,0,0,0,0,0,0,0,0,0,0,0,0,1,0.2817377337333697,0.4979946049762243,1.1057395553985416,0
cropped_n0343_mask_0.png,0,0,0,0,0,0,0,0,0,0,0,0,0,1,0.2566053511705685,0.2987610961026759,0.9673883034943908,0
cropped_n0341_mask_0.png,0,0,0,0,0,0,0,0,0,0,0,0,0,1,0.1751291230563222,0.3826237713761785,1.0050277277153192,0
cropped_n0344_mask_0.png,0,0,0,0,0,0,0,0,0,0,0,0,0,1,0.2487782068299746,0.3061271580703368,0.7355421402418149,0
cropped_n0347_mask_0.png,0,0,0,0,0,0,0,0,0,0,0,0,0,1,0.1994127336532263,0.3099327079997056,1.1517722943236106,0
cropped_n0340_mask_0.png,0,0,0,0,0,0,0,0,0,0,0,0,0,1,0.284328279079631,0.3271012915707934,1.0494987482963904,0
cropped_n0349_mask_0.png,0,0,0,0,0,0,0,0,0,0,0,0,0,1,0.2419029282986057,0.3998867284770107,0.9800640945867664,0
cropped_n0345_mask_0.png,0,0,0,0,0,0,0,0,0,0,0,0,0,1,0.220964402591331,0.303870419066057,0.71459564711121,0
cropped_n0339_mask_0.png,0,0,0,0,0,0,0,0,0,0,0,0,0,1,0.2332338877763701,0.5414862388928487,1.1345359211627752,0
cropped_n0342_mask_0.png,0,0,0,0,0,0,0,0,0,0,0,0,0,1,0.2487857187913959,0.246900496400918,1.1507696774977398,0
cropped_n0338_mask_0.png,0,0,0,0,0,0,0,0,0,0,0,0,0,1,0.2628695245458797,0.3438556583155956,0.7173013904727319,0
cropped_n0348_mask_0.png,0,0,0,0,0,0,0,0,0,0,0,0,0,1,0.2388259968995479,0.3092155703705787,0.8459930960526767,0
cropped_n0351_mask_0.png,0,0,0,0,0,0,0,0,0,0,0,0,0,1,0.2291490679731936,0.5676823707014592,1.1263760179987998,0
cropped_n0355_mask_0.png,0,0,0,0,0,0,0,0,0,0,0,0,0,1,0.2996524501116303,0.3963825732384768,1.1096527600844903,0
cropped_n0356_mask_0.png,0,0,0,0,0,0,0,0,0,0,0,0,0,1,0.2790739054437361,0.5108118142850272,0.7359773228682552,0
cropped_n0357_mask_0.png,0,0,0,0,0,0,0,0,0,0,0,0,0,1,0.2626231676047025,0.1659437860632056,1.1788443307185608,0
cropped_n0358_mask_0.png,0,0,0,0,0,0,0,0,0,0,0,0,0,1,0.2280597619943828,0.4060399947730679,1.0773109628060549,0
cropped_n0359_mask_0.png,0,0,0,0,0,0,0,0,0,0,0,0,0,1,0.3547035808454538,0.4913294603806958,1.050500866804229,0
cropped_n0353_mask_0.png,0,0,0,0,0,0,0,0,0,0,0,0,0,1,0.2363355402507093,0.3807282218539541,1.1472851757197389,0
cropped_n0352_mask_0.png,0,0,0,0,0,0,0,0,0,0,0,0,0,1,0.2732253854205704,0.5154197040377676,0.7107246318739336,0
cropped_n0354_mask_0.png,0,0,0,0,0,0,0,0,0,0,0,0,0,1,0.2147064881565396,0.2985907143292412,0.753637560905054,0
cropped_n0360_mask_0.png,0,0,0,0,0,0,0,0,0,0,0,0,0,1,0.2097463710320625,0.5625272456689647,1.151146092132053,0
